seed,candidate_label,policy_id,step_idx,sample_count,blue_action_mode,blue_action_mode_share,blue_target_mode,red_action_mode,red_action_mode_share,red_target_mode,newly_compromised_top_hosts,recovered_top_hosts,mean_newly_compromised_hosts,mean_recovered_hosts,op_server0_compromised_rate,enterprise2_compromised_rate,impact_rate,restore_rate,sleep_rate
19,selected,stage2_ext_009_obj_1,0,160,DecoyVsftpd,0.4688,Enterprise0,DiscoverRemoteSystems,1.0,User,,,0,0,0.0,0.0,0.0,0.0,0.0
19,selected,stage2_ext_009_obj_1,1,160,DecoyVsftpd,0.4813,Enterprise0,DiscoverNetworkServices,1.0,,,,0,0,0.0,0.0,0.0,0.0,0.0
19,selected,stage2_ext_009_obj_1,2,160,DecoyVsftpd,0.45,Enterprise0,ExploitRemoteService,1.0,,"User4(43), User2(42), User1(40)",,0.9938,0,0.0,0.0,0.0,0.0063,0.0
19,selected,stage2_ext_009_obj_1,3,160,DecoyVsftpd,0.45,Enterprise0,PrivilegeEscalate,0.9938,User4,,User2(2),0,0.0125,0.0,0.0,0.0,0.0063,0.0
19,selected,stage2_ext_009_obj_1,4,160,DecoyVsftpd,0.4625,Enterprise0,DiscoverNetworkServices,0.9812,,User2(2),,0.0125,0,0.0,0.0,0.0,0.0063,0.0
19,selected,stage2_ext_009_obj_1,5,160,DecoyVsftpd,0.4375,Enterprise0,ExploitRemoteService,0.9875,User2,"Enterprise1(80), Enterprise0(27), User4(1)",,0.675,0,0.0,0.0,0.0,0.0312,0.0
19,selected,stage2_ext_009_obj_1,6,160,Restore,0.6687,Enterprise1,PrivilegeEscalate,0.675,Enterprise1,,"Enterprise1(80), Enterprise0(27)",0,0.6687,0.0,0.0,0.0,0.6687,0.0
19,selected,stage2_ext_009_obj_1,7,160,DecoyVsftpd,0.4875,Enterprise0,ExploitRemoteService,0.6813,User4,"Enterprise1(82), Enterprise0(10)",,0.575,0,0.0,0.0,0.0,0.0,0.0
19,selected,stage2_ext_009_obj_1,8,160,Restore,0.575,Enterprise1,PrivilegeEscalate,0.575,Enterprise1,,"Enterprise1(82), Enterprise0(10)",0,0.575,0.0,0.0,0.0,0.575,0.0
19,selected,stage2_ext_009_obj_1,9,160,DecoyVsftpd,0.4313,Enterprise0,ExploitRemoteService,0.8938,User4,"Enterprise1(82), Enterprise0(15)",,0.6062,0,0.0,0.0,0.0,0.0,0.0
19,selected,stage2_ext_009_obj_1,10,160,Restore,0.6062,Enterprise1,PrivilegeEscalate,0.6125,Enterprise1,,"Enterprise1(82), Enterprise0(15)",0,0.6062,0.0,0.0,0.0,0.6062,0.0
19,selected,stage2_ext_009_obj_1,11,160,Analyse,0.35,Enterprise0,ExploitRemoteService,0.7125,User4,"Enterprise1(82), Enterprise0(12)",,0.5875,0,0.0,0.0,0.0,0.0063,0.0
19,selected,stage2_ext_009_obj_1,12,160,Restore,0.5938,Enterprise1,PrivilegeEscalate,0.5875,Enterprise1,,"Enterprise1(82), Enterprise0(12)",0,0.5875,0.0,0.0,0.0,0.5938,0.0
19,selected,stage2_ext_009_obj_1,13,160,Analyse,0.4125,Enterprise0,ExploitRemoteService,0.875,User4,"Enterprise1(82), Enterprise0(15)",,0.6062,0,0.0,0.0,0.0,0.0063,0.0
19,selected,stage2_ext_009_obj_1,14,160,Restore,0.6062,Enterprise1,PrivilegeEscalate,0.6062,Enterprise1,,"Enterprise1(82), Enterprise0(15)",0,0.6062,0.0,0.0,0.0,0.6062,0.0
19,selected,stage2_ext_009_obj_1,15,160,Analyse,0.4313,Enterprise0,ExploitRemoteService,0.7375,User4,"Enterprise1(82), Enterprise0(14)",,0.6,0,0.0,0.0,0.0,0.0063,0.0
19,selected,stage2_ext_009_obj_1,16,160,Restore,0.6,Enterprise1,PrivilegeEscalate,0.6062,Enterprise1,,"Enterprise1(82), Enterprise0(14)",0,0.6,0.0,0.0,0.0,0.6,0.0
19,selected,stage2_ext_009_obj_1,17,160,DecoyVsftpd,0.45,Enterprise0,ExploitRemoteService,0.8625,User4,"Enterprise1(82), Enterprise0(18)",User2(1),0.625,0.0063,0.0,0.0,0.0,0.0063,0.0
19,selected,stage2_ext_009_obj_1,18,160,Restore,0.6438,Enterprise1,PrivilegeEscalate,0.625,Enterprise1,,"Enterprise1(82), Enterprise0(18)",0,0.625,0.0,0.0,0.0,0.6438,0.0
19,selected,stage2_ext_009_obj_1,19,160,DecoyVsftpd,0.4062,Enterprise0,ExploitRemoteService,0.7625,User4,"Enterprise1(82), Enterprise0(16)",,0.6125,0,0.0,0.0,0.0,0.0063,0.0
19,selected,stage2_ext_009_obj_1,20,160,Restore,0.6125,Enterprise1,PrivilegeEscalate,0.6125,Enterprise1,,"Enterprise1(82), Enterprise0(16)",0,0.6125,0.0,0.0,0.0,0.6125,0.0
19,selected,stage2_ext_009_obj_1,21,160,DecoyVsftpd,0.4813,Enterprise0,ExploitRemoteService,0.85,User4,"Enterprise1(82), Enterprise0(15)",,0.6062,0,0.0,0.0,0.0,0.0063,0.0
19,selected,stage2_ext_009_obj_1,22,160,Restore,0.6062,Enterprise1,PrivilegeEscalate,0.6062,Enterprise1,,"Enterprise1(82), Enterprise0(15)",0,0.6062,0.0,0.0,0.0,0.6062,0.0
19,selected,stage2_ext_009_obj_1,23,160,DecoyVsftpd,0.4562,Enterprise0,ExploitRemoteService,0.7562,User4,"Enterprise1(82), Enterprise0(17)",,0.6188,0,0.0,0.0,0.0,0.0063,0.0
19,selected,stage2_ext_009_obj_1,24,160,Restore,0.6188,Enterprise1,PrivilegeEscalate,0.6188,Enterprise1,,"Enterprise1(82), Enterprise0(17)",0,0.6188,0.0,0.0,0.0,0.6188,0.0
19,selected,stage2_ext_009_obj_1,25,160,DecoyVsftpd,0.4688,Enterprise0,ExploitRemoteService,0.8625,User4,"Enterprise1(82), Enterprise0(16)",,0.6125,0,0.0,0.0,0.0,0.0063,0.0
19,selected,stage2_ext_009_obj_1,26,160,Restore,0.6188,Enterprise1,PrivilegeEscalate,0.6125,Enterprise1,,"Enterprise1(82), Enterprise0(16)",0,0.6125,0.0,0.0,0.0,0.6188,0.0
19,selected,stage2_ext_009_obj_1,27,160,DecoyVsftpd,0.4437,Enterprise0,ExploitRemoteService,0.75,User4,"Enterprise1(82), Enterprise0(16)",,0.6125,0,0.0,0.0,0.0,0.0,0.0
19,selected,stage2_ext_009_obj_1,28,160,Restore,0.6125,Enterprise1,PrivilegeEscalate,0.6125,Enterprise1,,"Enterprise1(82), Enterprise0(16)",0,0.6125,0.0,0.0,0.0,0.6125,0.0
19,selected,stage2_ext_009_obj_1,29,160,DecoyVsftpd,0.4188,Enterprise0,ExploitRemoteService,0.8688,User4,"Enterprise1(82), Enterprise0(15)",,0.6062,0,0.0,0.0,0.0,0.0125,0.0
19,selected,stage2_ext_009_obj_1,30,160,Restore,0.6062,Enterprise1,PrivilegeEscalate,0.6062,Enterprise1,,"Enterprise1(82), Enterprise0(15)",0,0.6062,0.0,0.0,0.0,0.6062,0.0
19,selected,stage2_ext_009_obj_1,31,160,DecoyVsftpd,0.425,Enterprise0,ExploitRemoteService,0.7438,User4,"Enterprise1(82), Enterprise0(20)",,0.6375,0,0.0,0.0,0.0,0.0,0.0
19,selected,stage2_ext_009_obj_1,32,160,Restore,0.6375,Enterprise1,PrivilegeEscalate,0.6375,Enterprise1,,"Enterprise1(82), Enterprise0(20)",0,0.6375,0.0,0.0,0.0,0.6375,0.0
19,selected,stage2_ext_009_obj_1,33,160,DecoyVsftpd,0.4562,Enterprise0,ExploitRemoteService,0.9,User4,"Enterprise1(82), Enterprise0(22)",,0.65,0,0.0,0.0,0.0,0.0063,0.0
19,selected,stage2_ext_009_obj_1,34,160,Restore,0.65,Enterprise1,PrivilegeEscalate,0.65,Enterprise1,,"Enterprise1(82), Enterprise0(22)",0,0.65,0.0,0.0,0.0,0.65,0.0
19,selected,stage2_ext_009_obj_1,35,160,Analyse,0.4125,Enterprise0,ExploitRemoteService,0.7562,User4,"Enterprise1(82), Enterprise0(18)",,0.625,0,0.0,0.0,0.0,0.0063,0.0
19,selected,stage2_ext_009_obj_1,36,160,Restore,0.6312,Enterprise1,PrivilegeEscalate,0.625,Enterprise1,,"Enterprise1(82), Enterprise0(18)",0,0.625,0.0,0.0,0.0,0.6312,0.0
19,selected,stage2_ext_009_obj_1,37,160,Analyse,0.4,Enterprise0,ExploitRemoteService,0.875,User4,"Enterprise1(82), Enterprise0(19)",,0.6312,0,0.0,0.0,0.0,0.0063,0.0
19,selected,stage2_ext_009_obj_1,38,160,Restore,0.6375,Enterprise1,PrivilegeEscalate,0.6312,Enterprise1,,"Enterprise1(82), Enterprise0(19)",0,0.6312,0.0,0.0,0.0,0.6375,0.0
19,selected,stage2_ext_009_obj_1,39,160,DecoyVsftpd,0.4375,Enterprise0,ExploitRemoteService,0.7625,User4,"Enterprise1(82), Enterprise0(17)",,0.6188,0,0.0,0.0,0.0,0.0,0.0
19,selected,stage2_ext_009_obj_1,40,160,Restore,0.6188,Enterprise1,PrivilegeEscalate,0.6188,Enterprise1,,"Enterprise1(82), Enterprise0(17)",0,0.6188,0.0,0.0,0.0,0.6188,0.0
19,selected,stage2_ext_009_obj_1,41,160,DecoyVsftpd,0.3875,Enterprise0,ExploitRemoteService,0.8625,User4,"Enterprise1(82), Enterprise0(22)",,0.65,0,0.0,0.0,0.0,0.025,0.0
19,selected,stage2_ext_009_obj_1,42,160,Restore,0.65,Enterprise1,PrivilegeEscalate,0.65,Enterprise1,,"Enterprise1(82), Enterprise0(22)",0,0.65,0.0,0.0,0.0,0.65,0.0
19,selected,stage2_ext_009_obj_1,43,160,DecoyVsftpd,0.4688,Enterprise0,ExploitRemoteService,0.7937,User4,"Enterprise1(82), Enterprise0(19)",,0.6312,0,0.0,0.0,0.0,0.0063,0.0
19,selected,stage2_ext_009_obj_1,44,160,Restore,0.6312,Enterprise1,PrivilegeEscalate,0.6312,Enterprise1,,"Enterprise1(82), Enterprise0(19)",0,0.6312,0.0,0.0,0.0,0.6312,0.0
19,selected,stage2_ext_009_obj_1,45,160,DecoyVsftpd,0.4375,Enterprise0,ExploitRemoteService,0.8438,User4,"Enterprise1(82), Enterprise0(20)",User1(1),0.6375,0.0063,0.0,0.0,0.0,0.0063,0.0
19,selected,stage2_ext_009_obj_1,46,160,Restore,0.6438,Enterprise1,PrivilegeEscalate,0.6375,Enterprise1,,"Enterprise1(82), Enterprise0(20)",0,0.6375,0.0,0.0,0.0,0.6438,0.0
19,selected,stage2_ext_009_obj_1,47,160,DecoyVsftpd,0.4437,Enterprise0,ExploitRemoteService,0.8,User4,"Enterprise1(82), Enterprise0(21)",,0.6438,0,0.0,0.0,0.0,0.0125,0.0
19,selected,stage2_ext_009_obj_1,48,160,Restore,0.6438,Enterprise1,PrivilegeEscalate,0.65,Enterprise1,,"Enterprise1(82), Enterprise0(21)",0,0.6438,0.0,0.0,0.0,0.6438,0.0
19,selected,stage2_ext_009_obj_1,49,160,DecoyVsftpd,0.4813,Enterprise0,ExploitRemoteService,0.8438,User4,"Enterprise1(82), Enterprise0(21)",,0.6438,0,0.0,0.0,0.0,0.0,0.0
19,selected,stage2_ext_009_obj_1,50,160,Restore,0.6438,Enterprise1,PrivilegeEscalate,0.6438,Enterprise1,,"Enterprise1(82), Enterprise0(21)",0,0.6438,0.0,0.0,0.0,0.6438,0.0
19,selected,stage2_ext_009_obj_1,51,160,DecoyVsftpd,0.4562,Enterprise0,ExploitRemoteService,0.8,User3,"Enterprise1(82), Enterprise0(24)",,0.6625,0,0.0,0.0,0.0,0.0,0.0
19,selected,stage2_ext_009_obj_1,52,160,Restore,0.6625,Enterprise1,PrivilegeEscalate,0.6687,Enterprise1,,"Enterprise1(82), Enterprise0(24)",0,0.6625,0.0,0.0,0.0,0.6625,0.0
19,selected,stage2_ext_009_obj_1,53,160,DecoyVsftpd,0.4188,Enterprise0,ExploitRemoteService,0.8625,User4,"Enterprise1(82), Enterprise0(25)",,0.6687,0,0.0,0.0,0.0,0.0125,0.0
19,selected,stage2_ext_009_obj_1,54,160,Restore,0.6687,Enterprise1,PrivilegeEscalate,0.6687,Enterprise1,Enterprise0(1),"Enterprise1(82), Enterprise0(25)",0.0063,0.6687,0.0,0.0,0.0,0.6687,0.0
19,selected,stage2_ext_009_obj_1,55,160,DecoyVsftpd,0.4,Enterprise0,ExploitRemoteService,0.8,User4,"Enterprise1(82), Enterprise0(24)",Enterprise0(1),0.6625,0.0063,0.0,0.0,0.0,0.0187,0.0
19,selected,stage2_ext_009_obj_1,56,160,Restore,0.6625,Enterprise1,PrivilegeEscalate,0.6625,Enterprise1,,"Enterprise1(82), Enterprise0(24)",0,0.6625,0.0,0.0,0.0,0.6625,0.0
19,selected,stage2_ext_009_obj_1,57,160,DecoyVsftpd,0.4688,Enterprise0,ExploitRemoteService,0.8625,User4,"Enterprise1(82), Enterprise0(30)",,0.7,0,0.0,0.0,0.0,0.0063,0.0
19,selected,stage2_ext_009_obj_1,58,160,Restore,0.7,Enterprise1,PrivilegeEscalate,0.7063,Enterprise1,,"Enterprise1(82), Enterprise0(30)",0,0.7,0.0,0.0,0.0,0.7,0.0
19,selected,stage2_ext_009_obj_1,59,160,DecoyVsftpd,0.4125,Enterprise0,ExploitRemoteService,0.8375,User4,"Enterprise1(82), Enterprise0(23)",,0.6562,0,0.0,0.0,0.0,0.0063,0.0
19,selected,stage2_ext_009_obj_1,60,160,Restore,0.6625,Enterprise1,PrivilegeEscalate,0.6562,Enterprise1,,"Enterprise1(82), Enterprise0(23)",0,0.6562,0.0,0.0,0.0,0.6625,0.0
19,selected,stage2_ext_009_obj_1,61,160,DecoyVsftpd,0.4313,Enterprise0,ExploitRemoteService,0.8187,User4,"Enterprise1(82), Enterprise0(27)",,0.6813,0,0.0,0.0,0.0,0.0187,0.0
19,selected,stage2_ext_009_obj_1,62,160,Restore,0.6813,Enterprise1,PrivilegeEscalate,0.6813,Enterprise1,,"Enterprise1(82), Enterprise0(27)",0,0.6813,0.0,0.0,0.0,0.6813,0.0
19,selected,stage2_ext_009_obj_1,63,160,DecoyVsftpd,0.4313,Enterprise0,ExploitRemoteService,0.8688,User4,"Enterprise1(82), Enterprise0(25)",,0.6687,0,0.0,0.0,0.0,0.0,0.0
19,selected,stage2_ext_009_obj_1,64,160,Restore,0.6687,Enterprise1,PrivilegeEscalate,0.6687,Enterprise1,,"Enterprise1(82), Enterprise0(25)",0,0.6687,0.0,0.0,0.0,0.6687,0.0
19,selected,stage2_ext_009_obj_1,65,160,DecoyVsftpd,0.3875,Enterprise0,ExploitRemoteService,0.8063,User4,"Enterprise1(82), Enterprise0(28)",,0.6875,0,0.0,0.0,0.0,0.0063,0.0
19,selected,stage2_ext_009_obj_1,66,160,Restore,0.7,Enterprise1,PrivilegeEscalate,0.6875,Enterprise1,,"Enterprise1(82), Enterprise0(28)",0,0.6875,0.0,0.0,0.0,0.7,0.0
19,selected,stage2_ext_009_obj_1,67,160,DecoyVsftpd,0.5125,Enterprise0,ExploitRemoteService,0.8875,User4,"Enterprise1(82), Enterprise0(28)",,0.6875,0,0.0,0.0,0.0,0.0,0.0
19,selected,stage2_ext_009_obj_1,68,160,Restore,0.6875,Enterprise1,PrivilegeEscalate,0.6937,Enterprise1,,"Enterprise1(82), Enterprise0(28)",0,0.6875,0.0,0.0,0.0,0.6875,0.0
19,selected,stage2_ext_009_obj_1,69,160,DecoyVsftpd,0.4688,Enterprise0,ExploitRemoteService,0.8,User4,"Enterprise1(82), Enterprise0(25)",,0.6687,0,0.0,0.0,0.0,0.0063,0.0
19,selected,stage2_ext_009_obj_1,70,160,Restore,0.6687,Enterprise1,PrivilegeEscalate,0.6687,Enterprise1,Enterprise0(1),"Enterprise1(82), Enterprise0(25)",0.0063,0.6687,0.0,0.0,0.0,0.6687,0.0
19,selected,stage2_ext_009_obj_1,71,160,DecoyVsftpd,0.4313,Enterprise0,ExploitRemoteService,0.8625,User4,"Enterprise1(82), Enterprise0(30)",Enterprise0(1),0.7,0.0063,0.0,0.0,0.0,0.0063,0.0
19,selected,stage2_ext_009_obj_1,72,160,Restore,0.7063,Enterprise1,PrivilegeEscalate,0.7,Enterprise1,,"Enterprise1(82), Enterprise0(30)",0,0.7,0.0,0.0,0.0,0.7063,0.0
19,selected,stage2_ext_009_obj_1,73,160,DecoyVsftpd,0.4688,Enterprise0,ExploitRemoteService,0.8375,User4,"Enterprise1(82), Enterprise0(28)",,0.6875,0,0.0,0.0,0.0,0.0063,0.0
19,selected,stage2_ext_009_obj_1,74,160,Restore,0.6875,Enterprise1,PrivilegeEscalate,0.6875,Enterprise1,,"Enterprise1(82), Enterprise0(28)",0,0.6875,0.0,0.0,0.0,0.6875,0.0
19,selected,stage2_ext_009_obj_1,75,160,DecoyVsftpd,0.45,Enterprise0,ExploitRemoteService,0.8562,User4,"Enterprise1(82), Enterprise0(28)",,0.6875,0,0.0,0.0,0.0,0.0125,0.0
19,selected,stage2_ext_009_obj_1,76,160,Restore,0.6937,Enterprise1,PrivilegeEscalate,0.6875,Enterprise1,,"Enterprise1(82), Enterprise0(28)",0,0.6875,0.0,0.0,0.0,0.6937,0.0
19,selected,stage2_ext_009_obj_1,77,160,DecoyVsftpd,0.4688,Enterprise0,ExploitRemoteService,0.8375,User4,"Enterprise1(82), Enterprise0(30)",,0.7,0,0.0,0.0,0.0,0.0,0.0
19,selected,stage2_ext_009_obj_1,78,160,Restore,0.7,Enterprise1,PrivilegeEscalate,0.7,Enterprise1,,"Enterprise1(82), Enterprise0(30)",0,0.7,0.0,0.0,0.0,0.7,0.0
19,selected,stage2_ext_009_obj_1,79,160,DecoyVsftpd,0.425,Enterprise0,ExploitRemoteService,0.8688,User4,"Enterprise1(82), Enterprise0(31)",,0.7063,0,0.0,0.0,0.0,0.0063,0.0
19,selected,stage2_ext_009_obj_1,80,160,Restore,0.7125,Enterprise1,PrivilegeEscalate,0.7063,Enterprise1,,"Enterprise1(82), Enterprise0(31)",0,0.7063,0.0,0.0,0.0,0.7125,0.0
19,selected,stage2_ext_009_obj_1,81,160,DecoyVsftpd,0.475,Enterprise0,ExploitRemoteService,0.8375,User4,"Enterprise1(82), Enterprise0(27)",,0.6813,0,0.0,0.0,0.0,0.0063,0.0
19,selected,stage2_ext_009_obj_1,82,160,Restore,0.6813,Enterprise1,PrivilegeEscalate,0.6813,Enterprise1,,"Enterprise1(82), Enterprise0(27)",0,0.6813,0.0,0.0,0.0,0.6813,0.0
19,selected,stage2_ext_009_obj_1,83,160,DecoyVsftpd,0.4,Enterprise0,ExploitRemoteService,0.8438,User4,"Enterprise1(82), Enterprise0(28)",,0.6875,0,0.0,0.0,0.0,0.0,0.0
19,selected,stage2_ext_009_obj_1,84,160,Restore,0.6875,Enterprise1,PrivilegeEscalate,0.6875,Enterprise1,,"Enterprise1(82), Enterprise0(28)",0,0.6875,0.0,0.0,0.0,0.6875,0.0
19,selected,stage2_ext_009_obj_1,85,160,DecoyVsftpd,0.4188,Enterprise0,ExploitRemoteService,0.85,User4,"Enterprise1(82), Enterprise0(29)",,0.6937,0,0.0,0.0,0.0,0.0063,0.0
19,selected,stage2_ext_009_obj_1,86,160,Restore,0.6937,Enterprise1,PrivilegeEscalate,0.7,Enterprise1,,"Enterprise1(82), Enterprise0(29)",0,0.6937,0.0,0.0,0.0,0.6937,0.0
19,selected,stage2_ext_009_obj_1,87,160,DecoyVsftpd,0.4313,Enterprise0,ExploitRemoteService,0.8438,User4,"Enterprise1(82), Enterprise0(29)",,0.6937,0,0.0,0.0,0.0,0.0063,0.0
19,selected,stage2_ext_009_obj_1,88,160,Restore,0.7,Enterprise1,PrivilegeEscalate,0.6937,Enterprise1,,"Enterprise1(82), Enterprise0(29)",0,0.6937,0.0,0.0,0.0,0.7,0.0
19,selected,stage2_ext_009_obj_1,89,160,DecoyVsftpd,0.45,Enterprise0,ExploitRemoteService,0.85,User4,"Enterprise1(82), Enterprise0(34)",,0.725,0,0.0,0.0,0.0,0.0063,0.0
19,selected,stage2_ext_009_obj_1,90,160,Restore,0.7312,Enterprise1,PrivilegeEscalate,0.7312,Enterprise1,,"Enterprise1(82), Enterprise0(34)",0,0.725,0.0,0.0,0.0,0.7312,0.0
19,selected,stage2_ext_009_obj_1,91,160,DecoyVsftpd,0.475,Enterprise0,ExploitRemoteService,0.875,User4,"Enterprise1(82), Enterprise0(33)",,0.7188,0,0.0,0.0,0.0,0.0125,0.0
19,selected,stage2_ext_009_obj_1,92,160,Restore,0.725,Enterprise1,PrivilegeEscalate,0.7188,Enterprise1,,"Enterprise1(82), Enterprise0(33)",0,0.7188,0.0,0.0,0.0,0.725,0.0
19,selected,stage2_ext_009_obj_1,93,160,DecoyVsftpd,0.4437,Enterprise0,ExploitRemoteService,0.8438,User4,"Enterprise1(82), Enterprise0(35)",,0.7312,0,0.0,0.0,0.0,0.0,0.0
19,selected,stage2_ext_009_obj_1,94,160,Restore,0.7312,Enterprise1,PrivilegeEscalate,0.7312,Enterprise1,,"Enterprise1(82), Enterprise0(35)",0,0.7312,0.0,0.0,0.0,0.7312,0.0
19,selected,stage2_ext_009_obj_1,95,160,DecoyVsftpd,0.4688,Enterprise0,ExploitRemoteService,0.8938,User4,"Enterprise1(82), Enterprise0(34)",,0.725,0,0.0,0.0,0.0,0.0,0.0
19,selected,stage2_ext_009_obj_1,96,160,Restore,0.7312,Enterprise1,PrivilegeEscalate,0.725,Enterprise1,,"Enterprise1(82), Enterprise0(34)",0,0.725,0.0,0.0,0.0,0.7312,0.0
19,selected,stage2_ext_009_obj_1,97,160,DecoyVsftpd,0.4125,Enterprise0,ExploitRemoteService,0.8375,User4,"Enterprise1(82), Enterprise0(31)",,0.7063,0,0.0,0.0,0.0,0.0187,0.0
19,selected,stage2_ext_009_obj_1,98,160,Restore,0.7063,Enterprise1,PrivilegeEscalate,0.7063,Enterprise1,,"Enterprise1(82), Enterprise0(31)",0,0.7063,0.0,0.0,0.0,0.7063,0.0
19,selected,stage2_ext_009_obj_1,99,160,DecoyVsftpd,0.4188,Enterprise0,ExploitRemoteService,0.875,User4,"Enterprise1(82), Enterprise0(34)",,0.725,0,0.0,0.0,0.0,0.0,0.0
