method_name,display_name,preference_index,preference_label,pref_security,pref_business,pref_cost,dominant_policy_id,dominant_slot,dominant_count,dominant_share,num_distinct_policies
ours_stage2,Ours Stage2,0,"(0, 0, 1)",0.0,0.0,1.0,stage1_pref_002_ckpt_191,7,3,0.6,3
ours_stage2,Ours Stage2,1,"(0, 0.1, 0.9)",0.0,0.10000000149011612,0.8999999761581421,stage1_pref_002_ckpt_191,7,3,0.6,3
ours_stage2,Ours Stage2,2,"(0, 0.2, 0.8)",0.0,0.20000000298023224,0.800000011920929,stage1_pref_002_ckpt_191,7,1,0.2,5
ours_stage2,Ours Stage2,3,"(0, 0.3, 0.7)",0.0,0.30000001192092896,0.699999988079071,stage1_pref_001_ckpt_191,5,1,0.2,5
ours_stage2,Ours Stage2,4,"(0, 0.4, 0.6)",0.0,0.4000000059604645,0.6000000238418579,stage2_ext_002_obj_0,2,1,0.2,5
ours_stage2,Ours Stage2,5,"(0, 0.5, 0.5)",0.0,0.5,0.5,stage2_ext_000_obj_0,1,1,0.2,5
ours_stage2,Ours Stage2,6,"(0, 0.6, 0.4)",0.0,0.6000000238418579,0.4000000059604645,stage2_ext_000_obj_0,1,1,0.2,5
ours_stage2,Ours Stage2,7,"(0, 0.7, 0.3)",0.0,0.699999988079071,0.30000001192092896,stage2_ext_000_obj_0,1,1,0.2,5
ours_stage2,Ours Stage2,8,"(0, 0.8, 0.2)",0.0,0.800000011920929,0.20000000298023224,stage2_ext_000_obj_0,1,1,0.2,5
ours_stage2,Ours Stage2,9,"(0, 0.9, 0.1)",0.0,0.8999999761581421,0.10000000149011612,stage2_ext_000_obj_0,1,1,0.2,5
ours_stage2,Ours Stage2,10,"(0, 1, 0)",0.0,1.0,0.0,stage2_ext_000_obj_0,1,1,0.2,5
ours_stage2,Ours Stage2,11,"(0.1, 0, 0.9)",0.10000000149011612,0.0,0.8999999761581421,stage2_ext_000_obj_0,1,2,0.4,4
ours_stage2,Ours Stage2,12,"(0.1, 0.1, 0.8)",0.10000000149011612,0.10000000149011612,0.800000011920929,stage2_ext_000_obj_0,1,2,0.4,4
ours_stage2,Ours Stage2,13,"(0.1, 0.2, 0.7)",0.10000000149011612,0.20000000298023224,0.699999988079071,stage2_ext_000_obj_0,1,2,0.4,4
ours_stage2,Ours Stage2,14,"(0.1, 0.3, 0.6)",0.10000000149011612,0.30000001192092896,0.6000000238418579,stage2_ext_000_obj_0,1,2,0.4,4
ours_stage2,Ours Stage2,15,"(0.1, 0.4, 0.5)",0.10000000149011612,0.4000000059604645,0.5,stage2_ext_000_obj_0,1,2,0.4,4
ours_stage2,Ours Stage2,16,"(0.1, 0.5, 0.4)",0.10000000149011612,0.5,0.4000000059604645,stage2_ext_000_obj_0,1,2,0.4,4
ours_stage2,Ours Stage2,17,"(0.1, 0.6, 0.3)",0.10000000149011612,0.6000000238418579,0.30000001192092896,stage2_ext_000_obj_0,1,3,0.6,3
ours_stage2,Ours Stage2,18,"(0.1, 0.7, 0.2)",0.10000000149011612,0.699999988079071,0.20000000298023224,stage2_ext_000_obj_0,1,3,0.6,3
ours_stage2,Ours Stage2,19,"(0.1, 0.8, 0.1)",0.10000000149011612,0.800000011920929,0.10000000149011612,stage2_ext_000_obj_0,1,3,0.6,3
ours_stage2,Ours Stage2,20,"(0.1, 0.9, 0)",0.10000000149011612,0.8999999761581421,0.0,stage2_ext_000_obj_0,1,3,0.6,3
ours_stage2,Ours Stage2,21,"(0.2, 0, 0.8)",0.20000000298023224,0.0,0.800000011920929,stage2_ext_000_obj_0,1,2,0.4,4
ours_stage2,Ours Stage2,22,"(0.2, 0.1, 0.7)",0.20000000298023224,0.10000000149011612,0.699999988079071,stage2_ext_000_obj_0,1,2,0.4,4
ours_stage2,Ours Stage2,23,"(0.2, 0.2, 0.6)",0.20000000298023224,0.20000000298023224,0.6000000238418579,stage2_ext_000_obj_0,1,2,0.4,4
ours_stage2,Ours Stage2,24,"(0.2, 0.3, 0.5)",0.20000000298023224,0.30000001192092896,0.5,stage2_ext_000_obj_0,1,2,0.4,4
ours_stage2,Ours Stage2,25,"(0.2, 0.4, 0.4)",0.20000000298023224,0.4000000059604645,0.4000000059604645,stage2_ext_000_obj_0,1,2,0.4,4
ours_stage2,Ours Stage2,26,"(0.2, 0.5, 0.3)",0.20000000298023224,0.5,0.30000001192092896,stage2_ext_000_obj_0,1,3,0.6,3
ours_stage2,Ours Stage2,27,"(0.2, 0.6, 0.2)",0.20000000298023224,0.6000000238418579,0.20000000298023224,stage2_ext_000_obj_0,1,3,0.6,3
ours_stage2,Ours Stage2,28,"(0.2, 0.7, 0.1)",0.20000000298023224,0.699999988079071,0.10000000149011612,stage2_ext_000_obj_0,1,3,0.6,3
ours_stage2,Ours Stage2,29,"(0.2, 0.8, 0)",0.20000000298023224,0.800000011920929,0.0,stage2_ext_000_obj_0,1,3,0.6,3
ours_stage2,Ours Stage2,30,"(0.3, 0, 0.7)",0.30000001192092896,0.0,0.699999988079071,stage2_ext_000_obj_0,1,2,0.4,4
ours_stage2,Ours Stage2,31,"(0.3, 0.1, 0.6)",0.30000001192092896,0.10000000149011612,0.6000000238418579,stage2_ext_000_obj_0,1,2,0.4,4
ours_stage2,Ours Stage2,32,"(0.3, 0.2, 0.5)",0.30000001192092896,0.20000000298023224,0.5,stage2_ext_000_obj_0,1,2,0.4,4
ours_stage2,Ours Stage2,33,"(0.3, 0.3, 0.4)",0.30000001192092896,0.30000001192092896,0.4000000059604645,stage2_ext_000_obj_0,1,2,0.4,4
ours_stage2,Ours Stage2,34,"(0.3, 0.4, 0.3)",0.30000001192092896,0.4000000059604645,0.30000001192092896,stage2_ext_000_obj_0,1,2,0.4,4
ours_stage2,Ours Stage2,35,"(0.3, 0.5, 0.2)",0.30000001192092896,0.5,0.20000000298023224,stage2_ext_000_obj_0,1,3,0.6,3
ours_stage2,Ours Stage2,36,"(0.3, 0.6, 0.1)",0.30000001192092896,0.6000000238418579,0.10000000149011612,stage2_ext_000_obj_0,1,3,0.6,3
ours_stage2,Ours Stage2,37,"(0.3, 0.7, 0)",0.30000001192092896,0.699999988079071,0.0,stage2_ext_000_obj_0,1,3,0.6,3
ours_stage2,Ours Stage2,38,"(0.4, 0, 0.6)",0.4000000059604645,0.0,0.6000000238418579,stage2_ext_000_obj_0,1,2,0.4,4
ours_stage2,Ours Stage2,39,"(0.4, 0.1, 0.5)",0.4000000059604645,0.10000000149011612,0.5,stage2_ext_000_obj_0,1,2,0.4,4
ours_stage2,Ours Stage2,40,"(0.4, 0.2, 0.4)",0.4000000059604645,0.20000000298023224,0.4000000059604645,stage2_ext_000_obj_0,1,2,0.4,4
ours_stage2,Ours Stage2,41,"(0.4, 0.3, 0.3)",0.4000000059604645,0.30000001192092896,0.30000001192092896,stage2_ext_000_obj_0,1,2,0.4,4
ours_stage2,Ours Stage2,42,"(0.4, 0.4, 0.2)",0.4000000059604645,0.4000000059604645,0.20000000298023224,stage2_ext_000_obj_0,1,3,0.6,3
ours_stage2,Ours Stage2,43,"(0.4, 0.5, 0.1)",0.4000000059604645,0.5,0.10000000149011612,stage2_ext_000_obj_0,1,3,0.6,3
ours_stage2,Ours Stage2,44,"(0.4, 0.6, 0)",0.4000000059604645,0.6000000238418579,0.0,stage2_ext_000_obj_0,1,3,0.6,3
ours_stage2,Ours Stage2,45,"(0.5, 0, 0.5)",0.5,0.0,0.5,stage2_ext_000_obj_0,1,2,0.4,4
ours_stage2,Ours Stage2,46,"(0.5, 0.1, 0.4)",0.5,0.10000000149011612,0.4000000059604645,stage2_ext_000_obj_0,1,2,0.4,4
ours_stage2,Ours Stage2,47,"(0.5, 0.2, 0.3)",0.5,0.20000000298023224,0.30000001192092896,stage2_ext_000_obj_0,1,2,0.4,4
ours_stage2,Ours Stage2,48,"(0.5, 0.3, 0.2)",0.5,0.30000001192092896,0.20000000298023224,stage2_ext_000_obj_0,1,3,0.6,3
ours_stage2,Ours Stage2,49,"(0.5, 0.4, 0.1)",0.5,0.4000000059604645,0.10000000149011612,stage2_ext_000_obj_0,1,3,0.6,3
ours_stage2,Ours Stage2,50,"(0.5, 0.5, 0)",0.5,0.5,0.0,stage2_ext_000_obj_0,1,3,0.6,3
ours_stage2,Ours Stage2,51,"(0.6, 0, 0.4)",0.6000000238418579,0.0,0.4000000059604645,stage2_ext_000_obj_0,1,2,0.4,4
ours_stage2,Ours Stage2,52,"(0.6, 0.1, 0.3)",0.6000000238418579,0.10000000149011612,0.30000001192092896,stage2_ext_000_obj_0,1,2,0.4,4
ours_stage2,Ours Stage2,53,"(0.6, 0.2, 0.2)",0.6000000238418579,0.20000000298023224,0.20000000298023224,stage2_ext_000_obj_0,1,2,0.4,4
ours_stage2,Ours Stage2,54,"(0.6, 0.3, 0.1)",0.6000000238418579,0.30000001192092896,0.10000000149011612,stage2_ext_000_obj_0,1,3,0.6,3
ours_stage2,Ours Stage2,55,"(0.6, 0.4, 0)",0.6000000238418579,0.4000000059604645,0.0,stage2_ext_000_obj_0,1,3,0.6,3
ours_stage2,Ours Stage2,56,"(0.7, 0, 0.3)",0.699999988079071,0.0,0.30000001192092896,stage2_ext_000_obj_0,1,2,0.4,4
ours_stage2,Ours Stage2,57,"(0.7, 0.1, 0.2)",0.699999988079071,0.10000000149011612,0.20000000298023224,stage2_ext_000_obj_0,1,2,0.4,4
ours_stage2,Ours Stage2,58,"(0.7, 0.2, 0.1)",0.699999988079071,0.20000000298023224,0.10000000149011612,stage2_ext_000_obj_0,1,3,0.6,3
ours_stage2,Ours Stage2,59,"(0.7, 0.3, 0)",0.699999988079071,0.30000001192092896,0.0,stage2_ext_000_obj_0,1,3,0.6,3
ours_stage2,Ours Stage2,60,"(0.8, 0, 0.2)",0.800000011920929,0.0,0.20000000298023224,stage2_ext_000_obj_0,1,2,0.4,4
ours_stage2,Ours Stage2,61,"(0.8, 0.1, 0.1)",0.800000011920929,0.10000000149011612,0.10000000149011612,stage2_ext_000_obj_0,1,3,0.6,3
ours_stage2,Ours Stage2,62,"(0.8, 0.2, 0)",0.800000011920929,0.20000000298023224,0.0,stage2_ext_000_obj_0,1,3,0.6,3
ours_stage2,Ours Stage2,63,"(0.9, 0, 0.1)",0.8999999761581421,0.0,0.10000000149011612,stage2_ext_000_obj_0,1,2,0.4,4
ours_stage2,Ours Stage2,64,"(0.9, 0.1, 0)",0.8999999761581421,0.10000000149011612,0.0,stage2_ext_000_obj_0,1,3,0.6,3
ours_stage2,Ours Stage2,65,"(1, 0, 0)",1.0,0.0,0.0,stage2_ext_000_obj_0,1,3,0.6,3
stage1_only,Stage1 Only,0,"(0, 0, 1)",0.0,0.0,1.0,stage1_pref_002_ckpt_191,5,5,1.0,1
stage1_only,Stage1 Only,1,"(0, 0.1, 0.9)",0.0,0.10000000149011612,0.8999999761581421,stage1_pref_002_ckpt_191,5,5,1.0,1
stage1_only,Stage1 Only,2,"(0, 0.2, 0.8)",0.0,0.20000000298023224,0.800000011920929,stage1_pref_002_ckpt_191,5,5,1.0,1
stage1_only,Stage1 Only,3,"(0, 0.3, 0.7)",0.0,0.30000001192092896,0.699999988079071,stage1_pref_002_ckpt_191,5,2,0.4,4
stage1_only,Stage1 Only,4,"(0, 0.4, 0.6)",0.0,0.4000000059604645,0.6000000238418579,stage1_pref_000_ckpt_191,2,1,0.2,5
stage1_only,Stage1 Only,5,"(0, 0.5, 0.5)",0.0,0.5,0.5,stage1_pref_000_ckpt_191,2,1,0.2,5
stage1_only,Stage1 Only,6,"(0, 0.6, 0.4)",0.0,0.6000000238418579,0.4000000059604645,stage1_pref_000_ckpt_191,2,1,0.2,5
stage1_only,Stage1 Only,7,"(0, 0.7, 0.3)",0.0,0.699999988079071,0.30000001192092896,stage1_pref_003_ckpt_191,3,2,0.4,4
stage1_only,Stage1 Only,8,"(0, 0.8, 0.2)",0.0,0.800000011920929,0.20000000298023224,stage1_pref_003_ckpt_191,3,2,0.4,4
stage1_only,Stage1 Only,9,"(0, 0.9, 0.1)",0.0,0.8999999761581421,0.10000000149011612,stage1_pref_003_ckpt_191,3,2,0.4,4
stage1_only,Stage1 Only,10,"(0, 1, 0)",0.0,1.0,0.0,stage1_pref_003_ckpt_191,3,2,0.4,4
stage1_only,Stage1 Only,11,"(0.1, 0, 0.9)",0.10000000149011612,0.0,0.8999999761581421,stage1_pref_005_ckpt_191,1,2,0.4,3
stage1_only,Stage1 Only,12,"(0.1, 0.1, 0.8)",0.10000000149011612,0.10000000149011612,0.800000011920929,stage1_pref_005_ckpt_191,1,2,0.4,3
stage1_only,Stage1 Only,13,"(0.1, 0.2, 0.7)",0.10000000149011612,0.20000000298023224,0.699999988079071,stage1_pref_005_ckpt_191,1,2,0.4,4
stage1_only,Stage1 Only,14,"(0.1, 0.3, 0.6)",0.10000000149011612,0.30000001192092896,0.6000000238418579,stage1_pref_005_ckpt_191,1,2,0.4,4
stage1_only,Stage1 Only,15,"(0.1, 0.4, 0.5)",0.10000000149011612,0.4000000059604645,0.5,stage1_pref_005_ckpt_191,1,2,0.4,4
stage1_only,Stage1 Only,16,"(0.1, 0.5, 0.4)",0.10000000149011612,0.5,0.4000000059604645,stage1_pref_005_ckpt_191,1,2,0.4,4
stage1_only,Stage1 Only,17,"(0.1, 0.6, 0.3)",0.10000000149011612,0.6000000238418579,0.30000001192092896,stage1_pref_005_ckpt_191,1,2,0.4,4
stage1_only,Stage1 Only,18,"(0.1, 0.7, 0.2)",0.10000000149011612,0.699999988079071,0.20000000298023224,stage1_pref_005_ckpt_191,1,2,0.4,4
stage1_only,Stage1 Only,19,"(0.1, 0.8, 0.1)",0.10000000149011612,0.800000011920929,0.10000000149011612,stage1_pref_005_ckpt_191,1,2,0.4,4
stage1_only,Stage1 Only,20,"(0.1, 0.9, 0)",0.10000000149011612,0.8999999761581421,0.0,stage1_pref_005_ckpt_191,1,2,0.4,4
stage1_only,Stage1 Only,21,"(0.2, 0, 0.8)",0.20000000298023224,0.0,0.800000011920929,stage1_pref_005_ckpt_191,1,2,0.4,4
stage1_only,Stage1 Only,22,"(0.2, 0.1, 0.7)",0.20000000298023224,0.10000000149011612,0.699999988079071,stage1_pref_005_ckpt_191,1,2,0.4,4
stage1_only,Stage1 Only,23,"(0.2, 0.2, 0.6)",0.20000000298023224,0.20000000298023224,0.6000000238418579,stage1_pref_005_ckpt_191,1,2,0.4,4
stage1_only,Stage1 Only,24,"(0.2, 0.3, 0.5)",0.20000000298023224,0.30000001192092896,0.5,stage1_pref_005_ckpt_191,1,2,0.4,4
stage1_only,Stage1 Only,25,"(0.2, 0.4, 0.4)",0.20000000298023224,0.4000000059604645,0.4000000059604645,stage1_pref_005_ckpt_191,1,2,0.4,4
stage1_only,Stage1 Only,26,"(0.2, 0.5, 0.3)",0.20000000298023224,0.5,0.30000001192092896,stage1_pref_005_ckpt_191,1,2,0.4,4
stage1_only,Stage1 Only,27,"(0.2, 0.6, 0.2)",0.20000000298023224,0.6000000238418579,0.20000000298023224,stage1_pref_005_ckpt_191,1,2,0.4,4
stage1_only,Stage1 Only,28,"(0.2, 0.7, 0.1)",0.20000000298023224,0.699999988079071,0.10000000149011612,stage1_pref_005_ckpt_191,1,2,0.4,4
stage1_only,Stage1 Only,29,"(0.2, 0.8, 0)",0.20000000298023224,0.800000011920929,0.0,stage1_pref_005_ckpt_191,1,2,0.4,4
stage1_only,Stage1 Only,30,"(0.3, 0, 0.7)",0.30000001192092896,0.0,0.699999988079071,stage1_pref_005_ckpt_191,1,2,0.4,4
stage1_only,Stage1 Only,31,"(0.3, 0.1, 0.6)",0.30000001192092896,0.10000000149011612,0.6000000238418579,stage1_pref_005_ckpt_191,1,2,0.4,4
stage1_only,Stage1 Only,32,"(0.3, 0.2, 0.5)",0.30000001192092896,0.20000000298023224,0.5,stage1_pref_005_ckpt_191,1,2,0.4,4
stage1_only,Stage1 Only,33,"(0.3, 0.3, 0.4)",0.30000001192092896,0.30000001192092896,0.4000000059604645,stage1_pref_005_ckpt_191,1,2,0.4,4
stage1_only,Stage1 Only,34,"(0.3, 0.4, 0.3)",0.30000001192092896,0.4000000059604645,0.30000001192092896,stage1_pref_005_ckpt_191,1,2,0.4,4
stage1_only,Stage1 Only,35,"(0.3, 0.5, 0.2)",0.30000001192092896,0.5,0.20000000298023224,stage1_pref_005_ckpt_191,1,2,0.4,4
stage1_only,Stage1 Only,36,"(0.3, 0.6, 0.1)",0.30000001192092896,0.6000000238418579,0.10000000149011612,stage1_pref_005_ckpt_191,1,2,0.4,4
stage1_only,Stage1 Only,37,"(0.3, 0.7, 0)",0.30000001192092896,0.699999988079071,0.0,stage1_pref_005_ckpt_191,1,2,0.4,4
stage1_only,Stage1 Only,38,"(0.4, 0, 0.6)",0.4000000059604645,0.0,0.6000000238418579,stage1_pref_005_ckpt_191,1,2,0.4,4
stage1_only,Stage1 Only,39,"(0.4, 0.1, 0.5)",0.4000000059604645,0.10000000149011612,0.5,stage1_pref_005_ckpt_191,1,2,0.4,4
stage1_only,Stage1 Only,40,"(0.4, 0.2, 0.4)",0.4000000059604645,0.20000000298023224,0.4000000059604645,stage1_pref_005_ckpt_191,1,2,0.4,4
stage1_only,Stage1 Only,41,"(0.4, 0.3, 0.3)",0.4000000059604645,0.30000001192092896,0.30000001192092896,stage1_pref_005_ckpt_191,1,2,0.4,4
stage1_only,Stage1 Only,42,"(0.4, 0.4, 0.2)",0.4000000059604645,0.4000000059604645,0.20000000298023224,stage1_pref_005_ckpt_191,1,2,0.4,4
stage1_only,Stage1 Only,43,"(0.4, 0.5, 0.1)",0.4000000059604645,0.5,0.10000000149011612,stage1_pref_005_ckpt_191,1,2,0.4,4
stage1_only,Stage1 Only,44,"(0.4, 0.6, 0)",0.4000000059604645,0.6000000238418579,0.0,stage1_pref_005_ckpt_191,1,2,0.4,4
stage1_only,Stage1 Only,45,"(0.5, 0, 0.5)",0.5,0.0,0.5,stage1_pref_005_ckpt_191,1,2,0.4,4
stage1_only,Stage1 Only,46,"(0.5, 0.1, 0.4)",0.5,0.10000000149011612,0.4000000059604645,stage1_pref_005_ckpt_191,1,2,0.4,4
stage1_only,Stage1 Only,47,"(0.5, 0.2, 0.3)",0.5,0.20000000298023224,0.30000001192092896,stage1_pref_005_ckpt_191,1,2,0.4,4
stage1_only,Stage1 Only,48,"(0.5, 0.3, 0.2)",0.5,0.30000001192092896,0.20000000298023224,stage1_pref_005_ckpt_191,1,2,0.4,4
stage1_only,Stage1 Only,49,"(0.5, 0.4, 0.1)",0.5,0.4000000059604645,0.10000000149011612,stage1_pref_005_ckpt_191,1,2,0.4,4
stage1_only,Stage1 Only,50,"(0.5, 0.5, 0)",0.5,0.5,0.0,stage1_pref_005_ckpt_191,1,2,0.4,4
stage1_only,Stage1 Only,51,"(0.6, 0, 0.4)",0.6000000238418579,0.0,0.4000000059604645,stage1_pref_005_ckpt_191,1,2,0.4,4
stage1_only,Stage1 Only,52,"(0.6, 0.1, 0.3)",0.6000000238418579,0.10000000149011612,0.30000001192092896,stage1_pref_005_ckpt_191,1,2,0.4,4
stage1_only,Stage1 Only,53,"(0.6, 0.2, 0.2)",0.6000000238418579,0.20000000298023224,0.20000000298023224,stage1_pref_005_ckpt_191,1,2,0.4,4
stage1_only,Stage1 Only,54,"(0.6, 0.3, 0.1)",0.6000000238418579,0.30000001192092896,0.10000000149011612,stage1_pref_005_ckpt_191,1,2,0.4,4
stage1_only,Stage1 Only,55,"(0.6, 0.4, 0)",0.6000000238418579,0.4000000059604645,0.0,stage1_pref_005_ckpt_191,1,2,0.4,4
stage1_only,Stage1 Only,56,"(0.7, 0, 0.3)",0.699999988079071,0.0,0.30000001192092896,stage1_pref_005_ckpt_191,1,2,0.4,4
stage1_only,Stage1 Only,57,"(0.7, 0.1, 0.2)",0.699999988079071,0.10000000149011612,0.20000000298023224,stage1_pref_005_ckpt_191,1,2,0.4,4
stage1_only,Stage1 Only,58,"(0.7, 0.2, 0.1)",0.699999988079071,0.20000000298023224,0.10000000149011612,stage1_pref_005_ckpt_191,1,2,0.4,4
stage1_only,Stage1 Only,59,"(0.7, 0.3, 0)",0.699999988079071,0.30000001192092896,0.0,stage1_pref_005_ckpt_191,1,2,0.4,4
stage1_only,Stage1 Only,60,"(0.8, 0, 0.2)",0.800000011920929,0.0,0.20000000298023224,stage1_pref_005_ckpt_191,1,2,0.4,4
stage1_only,Stage1 Only,61,"(0.8, 0.1, 0.1)",0.800000011920929,0.10000000149011612,0.10000000149011612,stage1_pref_005_ckpt_191,1,2,0.4,4
stage1_only,Stage1 Only,62,"(0.8, 0.2, 0)",0.800000011920929,0.20000000298023224,0.0,stage1_pref_005_ckpt_191,1,2,0.4,4
stage1_only,Stage1 Only,63,"(0.9, 0, 0.1)",0.8999999761581421,0.0,0.10000000149011612,stage1_pref_005_ckpt_191,1,2,0.4,4
stage1_only,Stage1 Only,64,"(0.9, 0.1, 0)",0.8999999761581421,0.10000000149011612,0.0,stage1_pref_005_ckpt_191,1,2,0.4,4
stage1_only,Stage1 Only,65,"(1, 0, 0)",1.0,0.0,0.0,stage1_pref_005_ckpt_191,1,2,0.4,4
weighted_sum,Weighted-Sum,0,"(0, 0, 1)",0.0,0.0,1.0,stage1_pref_001_ckpt_037,1,1,0.2,5
weighted_sum,Weighted-Sum,1,"(0, 0.1, 0.9)",0.0,0.10000000149011612,0.8999999761581421,stage1_pref_003_ckpt_019,4,2,0.4,4
weighted_sum,Weighted-Sum,2,"(0, 0.2, 0.8)",0.0,0.20000000298023224,0.800000011920929,stage1_pref_003_ckpt_019,4,2,0.4,4
weighted_sum,Weighted-Sum,3,"(0, 0.3, 0.7)",0.0,0.30000001192092896,0.699999988079071,stage1_pref_001_ckpt_037,1,3,0.6,3
weighted_sum,Weighted-Sum,4,"(0, 0.4, 0.6)",0.0,0.4000000059604645,0.6000000238418579,stage1_pref_001_ckpt_037,1,3,0.6,3
weighted_sum,Weighted-Sum,5,"(0, 0.5, 0.5)",0.0,0.5,0.5,stage1_pref_001_ckpt_037,1,3,0.6,3
weighted_sum,Weighted-Sum,6,"(0, 0.6, 0.4)",0.0,0.6000000238418579,0.4000000059604645,stage1_pref_001_ckpt_037,1,3,0.6,3
weighted_sum,Weighted-Sum,7,"(0, 0.7, 0.3)",0.0,0.699999988079071,0.30000001192092896,stage1_pref_001_ckpt_037,1,3,0.6,2
weighted_sum,Weighted-Sum,8,"(0, 0.8, 0.2)",0.0,0.800000011920929,0.20000000298023224,stage1_pref_001_ckpt_037,1,3,0.6,2
weighted_sum,Weighted-Sum,9,"(0, 0.9, 0.1)",0.0,0.8999999761581421,0.10000000149011612,stage1_pref_001_ckpt_037,1,2,0.4,3
weighted_sum,Weighted-Sum,10,"(0, 1, 0)",0.0,1.0,0.0,stage1_pref_001_ckpt_037,1,2,0.4,3
weighted_sum,Weighted-Sum,11,"(0.1, 0, 0.9)",0.10000000149011612,0.0,0.8999999761581421,stage1_pref_001_ckpt_037,1,2,0.4,4
weighted_sum,Weighted-Sum,12,"(0.1, 0.1, 0.8)",0.10000000149011612,0.10000000149011612,0.800000011920929,stage1_pref_001_ckpt_037,1,2,0.4,4
weighted_sum,Weighted-Sum,13,"(0.1, 0.2, 0.7)",0.10000000149011612,0.20000000298023224,0.699999988079071,stage1_pref_001_ckpt_037,1,2,0.4,4
weighted_sum,Weighted-Sum,14,"(0.1, 0.3, 0.6)",0.10000000149011612,0.30000001192092896,0.6000000238418579,stage1_pref_001_ckpt_037,1,2,0.4,4
weighted_sum,Weighted-Sum,15,"(0.1, 0.4, 0.5)",0.10000000149011612,0.4000000059604645,0.5,stage1_pref_001_ckpt_037,1,2,0.4,4
weighted_sum,Weighted-Sum,16,"(0.1, 0.5, 0.4)",0.10000000149011612,0.5,0.4000000059604645,stage1_pref_001_ckpt_037,1,2,0.4,4
weighted_sum,Weighted-Sum,17,"(0.1, 0.6, 0.3)",0.10000000149011612,0.6000000238418579,0.30000001192092896,stage1_pref_001_ckpt_037,1,2,0.4,4
weighted_sum,Weighted-Sum,18,"(0.1, 0.7, 0.2)",0.10000000149011612,0.699999988079071,0.20000000298023224,stage1_pref_001_ckpt_037,1,2,0.4,4
weighted_sum,Weighted-Sum,19,"(0.1, 0.8, 0.1)",0.10000000149011612,0.800000011920929,0.10000000149011612,stage1_pref_001_ckpt_037,1,2,0.4,4
weighted_sum,Weighted-Sum,20,"(0.1, 0.9, 0)",0.10000000149011612,0.8999999761581421,0.0,stage1_pref_001_ckpt_037,1,2,0.4,4
weighted_sum,Weighted-Sum,21,"(0.2, 0, 0.8)",0.20000000298023224,0.0,0.800000011920929,stage1_pref_001_ckpt_037,1,2,0.4,4
weighted_sum,Weighted-Sum,22,"(0.2, 0.1, 0.7)",0.20000000298023224,0.10000000149011612,0.699999988079071,stage1_pref_001_ckpt_037,1,2,0.4,4
weighted_sum,Weighted-Sum,23,"(0.2, 0.2, 0.6)",0.20000000298023224,0.20000000298023224,0.6000000238418579,stage1_pref_001_ckpt_037,1,2,0.4,4
weighted_sum,Weighted-Sum,24,"(0.2, 0.3, 0.5)",0.20000000298023224,0.30000001192092896,0.5,stage1_pref_001_ckpt_037,1,2,0.4,4
weighted_sum,Weighted-Sum,25,"(0.2, 0.4, 0.4)",0.20000000298023224,0.4000000059604645,0.4000000059604645,stage1_pref_001_ckpt_037,1,2,0.4,4
weighted_sum,Weighted-Sum,26,"(0.2, 0.5, 0.3)",0.20000000298023224,0.5,0.30000001192092896,stage1_pref_001_ckpt_037,1,2,0.4,4
weighted_sum,Weighted-Sum,27,"(0.2, 0.6, 0.2)",0.20000000298023224,0.6000000238418579,0.20000000298023224,stage1_pref_001_ckpt_037,1,2,0.4,4
weighted_sum,Weighted-Sum,28,"(0.2, 0.7, 0.1)",0.20000000298023224,0.699999988079071,0.10000000149011612,stage1_pref_001_ckpt_037,1,2,0.4,4
weighted_sum,Weighted-Sum,29,"(0.2, 0.8, 0)",0.20000000298023224,0.800000011920929,0.0,stage1_pref_001_ckpt_037,1,2,0.4,4
weighted_sum,Weighted-Sum,30,"(0.3, 0, 0.7)",0.30000001192092896,0.0,0.699999988079071,stage1_pref_001_ckpt_037,1,2,0.4,4
weighted_sum,Weighted-Sum,31,"(0.3, 0.1, 0.6)",0.30000001192092896,0.10000000149011612,0.6000000238418579,stage1_pref_001_ckpt_037,1,2,0.4,4
weighted_sum,Weighted-Sum,32,"(0.3, 0.2, 0.5)",0.30000001192092896,0.20000000298023224,0.5,stage1_pref_001_ckpt_037,1,2,0.4,4
weighted_sum,Weighted-Sum,33,"(0.3, 0.3, 0.4)",0.30000001192092896,0.30000001192092896,0.4000000059604645,stage1_pref_001_ckpt_037,1,2,0.4,4
weighted_sum,Weighted-Sum,34,"(0.3, 0.4, 0.3)",0.30000001192092896,0.4000000059604645,0.30000001192092896,stage1_pref_001_ckpt_037,1,2,0.4,4
weighted_sum,Weighted-Sum,35,"(0.3, 0.5, 0.2)",0.30000001192092896,0.5,0.20000000298023224,stage1_pref_001_ckpt_037,1,2,0.4,4
weighted_sum,Weighted-Sum,36,"(0.3, 0.6, 0.1)",0.30000001192092896,0.6000000238418579,0.10000000149011612,stage1_pref_001_ckpt_037,1,2,0.4,4
weighted_sum,Weighted-Sum,37,"(0.3, 0.7, 0)",0.30000001192092896,0.699999988079071,0.0,stage1_pref_001_ckpt_037,1,2,0.4,4
weighted_sum,Weighted-Sum,38,"(0.4, 0, 0.6)",0.4000000059604645,0.0,0.6000000238418579,stage1_pref_001_ckpt_037,1,2,0.4,4
weighted_sum,Weighted-Sum,39,"(0.4, 0.1, 0.5)",0.4000000059604645,0.10000000149011612,0.5,stage1_pref_001_ckpt_037,1,2,0.4,4
weighted_sum,Weighted-Sum,40,"(0.4, 0.2, 0.4)",0.4000000059604645,0.20000000298023224,0.4000000059604645,stage1_pref_001_ckpt_037,1,2,0.4,4
weighted_sum,Weighted-Sum,41,"(0.4, 0.3, 0.3)",0.4000000059604645,0.30000001192092896,0.30000001192092896,stage1_pref_001_ckpt_037,1,2,0.4,4
weighted_sum,Weighted-Sum,42,"(0.4, 0.4, 0.2)",0.4000000059604645,0.4000000059604645,0.20000000298023224,stage1_pref_001_ckpt_037,1,2,0.4,4
weighted_sum,Weighted-Sum,43,"(0.4, 0.5, 0.1)",0.4000000059604645,0.5,0.10000000149011612,stage1_pref_001_ckpt_037,1,2,0.4,4
weighted_sum,Weighted-Sum,44,"(0.4, 0.6, 0)",0.4000000059604645,0.6000000238418579,0.0,stage1_pref_001_ckpt_037,1,2,0.4,4
weighted_sum,Weighted-Sum,45,"(0.5, 0, 0.5)",0.5,0.0,0.5,stage1_pref_001_ckpt_037,1,2,0.4,4
weighted_sum,Weighted-Sum,46,"(0.5, 0.1, 0.4)",0.5,0.10000000149011612,0.4000000059604645,stage1_pref_001_ckpt_037,1,2,0.4,4
weighted_sum,Weighted-Sum,47,"(0.5, 0.2, 0.3)",0.5,0.20000000298023224,0.30000001192092896,stage1_pref_001_ckpt_037,1,2,0.4,4
weighted_sum,Weighted-Sum,48,"(0.5, 0.3, 0.2)",0.5,0.30000001192092896,0.20000000298023224,stage1_pref_001_ckpt_037,1,2,0.4,4
weighted_sum,Weighted-Sum,49,"(0.5, 0.4, 0.1)",0.5,0.4000000059604645,0.10000000149011612,stage1_pref_001_ckpt_037,1,2,0.4,4
weighted_sum,Weighted-Sum,50,"(0.5, 0.5, 0)",0.5,0.5,0.0,stage1_pref_001_ckpt_037,1,2,0.4,4
weighted_sum,Weighted-Sum,51,"(0.6, 0, 0.4)",0.6000000238418579,0.0,0.4000000059604645,stage1_pref_001_ckpt_037,1,2,0.4,4
weighted_sum,Weighted-Sum,52,"(0.6, 0.1, 0.3)",0.6000000238418579,0.10000000149011612,0.30000001192092896,stage1_pref_001_ckpt_037,1,2,0.4,4
weighted_sum,Weighted-Sum,53,"(0.6, 0.2, 0.2)",0.6000000238418579,0.20000000298023224,0.20000000298023224,stage1_pref_001_ckpt_037,1,2,0.4,4
weighted_sum,Weighted-Sum,54,"(0.6, 0.3, 0.1)",0.6000000238418579,0.30000001192092896,0.10000000149011612,stage1_pref_001_ckpt_037,1,2,0.4,4
weighted_sum,Weighted-Sum,55,"(0.6, 0.4, 0)",0.6000000238418579,0.4000000059604645,0.0,stage1_pref_001_ckpt_037,1,2,0.4,4
weighted_sum,Weighted-Sum,56,"(0.7, 0, 0.3)",0.699999988079071,0.0,0.30000001192092896,stage1_pref_001_ckpt_037,1,2,0.4,4
weighted_sum,Weighted-Sum,57,"(0.7, 0.1, 0.2)",0.699999988079071,0.10000000149011612,0.20000000298023224,stage1_pref_001_ckpt_037,1,2,0.4,4
weighted_sum,Weighted-Sum,58,"(0.7, 0.2, 0.1)",0.699999988079071,0.20000000298023224,0.10000000149011612,stage1_pref_001_ckpt_037,1,2,0.4,4
weighted_sum,Weighted-Sum,59,"(0.7, 0.3, 0)",0.699999988079071,0.30000001192092896,0.0,stage1_pref_001_ckpt_037,1,2,0.4,4
weighted_sum,Weighted-Sum,60,"(0.8, 0, 0.2)",0.800000011920929,0.0,0.20000000298023224,stage1_pref_001_ckpt_037,1,2,0.4,4
weighted_sum,Weighted-Sum,61,"(0.8, 0.1, 0.1)",0.800000011920929,0.10000000149011612,0.10000000149011612,stage1_pref_001_ckpt_037,1,2,0.4,4
weighted_sum,Weighted-Sum,62,"(0.8, 0.2, 0)",0.800000011920929,0.20000000298023224,0.0,stage1_pref_001_ckpt_037,1,2,0.4,4
weighted_sum,Weighted-Sum,63,"(0.9, 0, 0.1)",0.8999999761581421,0.0,0.10000000149011612,stage1_pref_001_ckpt_037,1,2,0.4,4
weighted_sum,Weighted-Sum,64,"(0.9, 0.1, 0)",0.8999999761581421,0.10000000149011612,0.0,stage1_pref_001_ckpt_037,1,2,0.4,4
weighted_sum,Weighted-Sum,65,"(1, 0, 0)",1.0,0.0,0.0,stage1_pref_001_ckpt_037,1,2,0.4,4
preference_conditioned_ppo,Preference-Conditioned PPO,0,"(0, 0, 1)",0.0,0.0,1.0,evaluated_pref_033,1,1,0.3333333333333333,3
preference_conditioned_ppo,Preference-Conditioned PPO,1,"(0, 0.1, 0.9)",0.0,0.10000000149011612,0.8999999761581421,evaluated_pref_033,1,1,0.3333333333333333,3
preference_conditioned_ppo,Preference-Conditioned PPO,2,"(0, 0.2, 0.8)",0.0,0.20000000298023224,0.800000011920929,evaluated_pref_033,1,1,0.3333333333333333,3
preference_conditioned_ppo,Preference-Conditioned PPO,3,"(0, 0.3, 0.7)",0.0,0.30000001192092896,0.699999988079071,evaluated_pref_033,1,1,0.3333333333333333,3
preference_conditioned_ppo,Preference-Conditioned PPO,4,"(0, 0.4, 0.6)",0.0,0.4000000059604645,0.6000000238418579,evaluated_pref_033,1,1,0.3333333333333333,3
preference_conditioned_ppo,Preference-Conditioned PPO,5,"(0, 0.5, 0.5)",0.0,0.5,0.5,evaluated_pref_033,1,1,0.3333333333333333,3
preference_conditioned_ppo,Preference-Conditioned PPO,6,"(0, 0.6, 0.4)",0.0,0.6000000238418579,0.4000000059604645,evaluated_pref_033,1,1,0.3333333333333333,3
preference_conditioned_ppo,Preference-Conditioned PPO,7,"(0, 0.7, 0.3)",0.0,0.699999988079071,0.30000001192092896,evaluated_pref_033,1,1,0.3333333333333333,3
preference_conditioned_ppo,Preference-Conditioned PPO,8,"(0, 0.8, 0.2)",0.0,0.800000011920929,0.20000000298023224,evaluated_pref_033,1,1,0.3333333333333333,3
preference_conditioned_ppo,Preference-Conditioned PPO,9,"(0, 0.9, 0.1)",0.0,0.8999999761581421,0.10000000149011612,evaluated_pref_033,1,1,0.3333333333333333,3
preference_conditioned_ppo,Preference-Conditioned PPO,10,"(0, 1, 0)",0.0,1.0,0.0,evaluated_pref_033,1,1,0.3333333333333333,3
preference_conditioned_ppo,Preference-Conditioned PPO,11,"(0.1, 0, 0.9)",0.10000000149011612,0.0,0.8999999761581421,evaluated_pref_033,1,1,0.3333333333333333,3
preference_conditioned_ppo,Preference-Conditioned PPO,12,"(0.1, 0.1, 0.8)",0.10000000149011612,0.10000000149011612,0.800000011920929,evaluated_pref_033,1,1,0.3333333333333333,3
preference_conditioned_ppo,Preference-Conditioned PPO,13,"(0.1, 0.2, 0.7)",0.10000000149011612,0.20000000298023224,0.699999988079071,evaluated_pref_033,1,1,0.3333333333333333,3
preference_conditioned_ppo,Preference-Conditioned PPO,14,"(0.1, 0.3, 0.6)",0.10000000149011612,0.30000001192092896,0.6000000238418579,evaluated_pref_033,1,1,0.3333333333333333,3
preference_conditioned_ppo,Preference-Conditioned PPO,15,"(0.1, 0.4, 0.5)",0.10000000149011612,0.4000000059604645,0.5,evaluated_pref_033,1,1,0.3333333333333333,3
preference_conditioned_ppo,Preference-Conditioned PPO,16,"(0.1, 0.5, 0.4)",0.10000000149011612,0.5,0.4000000059604645,evaluated_pref_033,1,1,0.3333333333333333,3
preference_conditioned_ppo,Preference-Conditioned PPO,17,"(0.1, 0.6, 0.3)",0.10000000149011612,0.6000000238418579,0.30000001192092896,evaluated_pref_033,1,1,0.3333333333333333,3
preference_conditioned_ppo,Preference-Conditioned PPO,18,"(0.1, 0.7, 0.2)",0.10000000149011612,0.699999988079071,0.20000000298023224,evaluated_pref_033,1,1,0.3333333333333333,3
preference_conditioned_ppo,Preference-Conditioned PPO,19,"(0.1, 0.8, 0.1)",0.10000000149011612,0.800000011920929,0.10000000149011612,evaluated_pref_033,1,1,0.3333333333333333,3
preference_conditioned_ppo,Preference-Conditioned PPO,20,"(0.1, 0.9, 0)",0.10000000149011612,0.8999999761581421,0.0,evaluated_pref_033,1,1,0.3333333333333333,3
preference_conditioned_ppo,Preference-Conditioned PPO,21,"(0.2, 0, 0.8)",0.20000000298023224,0.0,0.800000011920929,evaluated_pref_033,1,1,0.3333333333333333,3
preference_conditioned_ppo,Preference-Conditioned PPO,22,"(0.2, 0.1, 0.7)",0.20000000298023224,0.10000000149011612,0.699999988079071,evaluated_pref_033,1,1,0.3333333333333333,3
preference_conditioned_ppo,Preference-Conditioned PPO,23,"(0.2, 0.2, 0.6)",0.20000000298023224,0.20000000298023224,0.6000000238418579,evaluated_pref_033,1,1,0.3333333333333333,3
preference_conditioned_ppo,Preference-Conditioned PPO,24,"(0.2, 0.3, 0.5)",0.20000000298023224,0.30000001192092896,0.5,evaluated_pref_033,1,1,0.3333333333333333,3
preference_conditioned_ppo,Preference-Conditioned PPO,25,"(0.2, 0.4, 0.4)",0.20000000298023224,0.4000000059604645,0.4000000059604645,evaluated_pref_033,1,1,0.3333333333333333,3
preference_conditioned_ppo,Preference-Conditioned PPO,26,"(0.2, 0.5, 0.3)",0.20000000298023224,0.5,0.30000001192092896,evaluated_pref_033,1,1,0.3333333333333333,3
preference_conditioned_ppo,Preference-Conditioned PPO,27,"(0.2, 0.6, 0.2)",0.20000000298023224,0.6000000238418579,0.20000000298023224,evaluated_pref_033,1,1,0.3333333333333333,3
preference_conditioned_ppo,Preference-Conditioned PPO,28,"(0.2, 0.7, 0.1)",0.20000000298023224,0.699999988079071,0.10000000149011612,evaluated_pref_033,1,1,0.3333333333333333,3
preference_conditioned_ppo,Preference-Conditioned PPO,29,"(0.2, 0.8, 0)",0.20000000298023224,0.800000011920929,0.0,evaluated_pref_033,1,1,0.3333333333333333,3
preference_conditioned_ppo,Preference-Conditioned PPO,30,"(0.3, 0, 0.7)",0.30000001192092896,0.0,0.699999988079071,evaluated_pref_033,1,1,0.3333333333333333,3
preference_conditioned_ppo,Preference-Conditioned PPO,31,"(0.3, 0.1, 0.6)",0.30000001192092896,0.10000000149011612,0.6000000238418579,evaluated_pref_033,1,1,0.3333333333333333,3
preference_conditioned_ppo,Preference-Conditioned PPO,32,"(0.3, 0.2, 0.5)",0.30000001192092896,0.20000000298023224,0.5,evaluated_pref_033,1,1,0.3333333333333333,3
preference_conditioned_ppo,Preference-Conditioned PPO,33,"(0.3, 0.3, 0.4)",0.30000001192092896,0.30000001192092896,0.4000000059604645,evaluated_pref_033,1,1,0.3333333333333333,3
preference_conditioned_ppo,Preference-Conditioned PPO,34,"(0.3, 0.4, 0.3)",0.30000001192092896,0.4000000059604645,0.30000001192092896,evaluated_pref_033,1,1,0.3333333333333333,3
preference_conditioned_ppo,Preference-Conditioned PPO,35,"(0.3, 0.5, 0.2)",0.30000001192092896,0.5,0.20000000298023224,evaluated_pref_033,1,1,0.3333333333333333,3
preference_conditioned_ppo,Preference-Conditioned PPO,36,"(0.3, 0.6, 0.1)",0.30000001192092896,0.6000000238418579,0.10000000149011612,evaluated_pref_033,1,1,0.3333333333333333,3
preference_conditioned_ppo,Preference-Conditioned PPO,37,"(0.3, 0.7, 0)",0.30000001192092896,0.699999988079071,0.0,evaluated_pref_033,1,1,0.3333333333333333,3
preference_conditioned_ppo,Preference-Conditioned PPO,38,"(0.4, 0, 0.6)",0.4000000059604645,0.0,0.6000000238418579,evaluated_pref_033,1,1,0.3333333333333333,3
preference_conditioned_ppo,Preference-Conditioned PPO,39,"(0.4, 0.1, 0.5)",0.4000000059604645,0.10000000149011612,0.5,evaluated_pref_033,1,1,0.3333333333333333,3
preference_conditioned_ppo,Preference-Conditioned PPO,40,"(0.4, 0.2, 0.4)",0.4000000059604645,0.20000000298023224,0.4000000059604645,evaluated_pref_033,1,1,0.3333333333333333,3
preference_conditioned_ppo,Preference-Conditioned PPO,41,"(0.4, 0.3, 0.3)",0.4000000059604645,0.30000001192092896,0.30000001192092896,evaluated_pref_033,1,1,0.3333333333333333,3
preference_conditioned_ppo,Preference-Conditioned PPO,42,"(0.4, 0.4, 0.2)",0.4000000059604645,0.4000000059604645,0.20000000298023224,evaluated_pref_033,1,1,0.3333333333333333,3
preference_conditioned_ppo,Preference-Conditioned PPO,43,"(0.4, 0.5, 0.1)",0.4000000059604645,0.5,0.10000000149011612,evaluated_pref_033,1,1,0.3333333333333333,3
preference_conditioned_ppo,Preference-Conditioned PPO,44,"(0.4, 0.6, 0)",0.4000000059604645,0.6000000238418579,0.0,evaluated_pref_033,1,1,0.3333333333333333,3
preference_conditioned_ppo,Preference-Conditioned PPO,45,"(0.5, 0, 0.5)",0.5,0.0,0.5,evaluated_pref_033,1,1,0.3333333333333333,3
preference_conditioned_ppo,Preference-Conditioned PPO,46,"(0.5, 0.1, 0.4)",0.5,0.10000000149011612,0.4000000059604645,evaluated_pref_033,1,1,0.3333333333333333,3
preference_conditioned_ppo,Preference-Conditioned PPO,47,"(0.5, 0.2, 0.3)",0.5,0.20000000298023224,0.30000001192092896,evaluated_pref_033,1,1,0.3333333333333333,3
preference_conditioned_ppo,Preference-Conditioned PPO,48,"(0.5, 0.3, 0.2)",0.5,0.30000001192092896,0.20000000298023224,evaluated_pref_033,1,1,0.3333333333333333,3
preference_conditioned_ppo,Preference-Conditioned PPO,49,"(0.5, 0.4, 0.1)",0.5,0.4000000059604645,0.10000000149011612,evaluated_pref_033,1,1,0.3333333333333333,3
preference_conditioned_ppo,Preference-Conditioned PPO,50,"(0.5, 0.5, 0)",0.5,0.5,0.0,evaluated_pref_033,1,1,0.3333333333333333,3
preference_conditioned_ppo,Preference-Conditioned PPO,51,"(0.6, 0, 0.4)",0.6000000238418579,0.0,0.4000000059604645,evaluated_pref_033,1,1,0.3333333333333333,3
preference_conditioned_ppo,Preference-Conditioned PPO,52,"(0.6, 0.1, 0.3)",0.6000000238418579,0.10000000149011612,0.30000001192092896,evaluated_pref_033,1,1,0.3333333333333333,3
preference_conditioned_ppo,Preference-Conditioned PPO,53,"(0.6, 0.2, 0.2)",0.6000000238418579,0.20000000298023224,0.20000000298023224,evaluated_pref_033,1,1,0.3333333333333333,3
preference_conditioned_ppo,Preference-Conditioned PPO,54,"(0.6, 0.3, 0.1)",0.6000000238418579,0.30000001192092896,0.10000000149011612,evaluated_pref_033,1,1,0.3333333333333333,3
preference_conditioned_ppo,Preference-Conditioned PPO,55,"(0.6, 0.4, 0)",0.6000000238418579,0.4000000059604645,0.0,evaluated_pref_033,1,1,0.3333333333333333,3
preference_conditioned_ppo,Preference-Conditioned PPO,56,"(0.7, 0, 0.3)",0.699999988079071,0.0,0.30000001192092896,evaluated_pref_033,1,1,0.3333333333333333,3
preference_conditioned_ppo,Preference-Conditioned PPO,57,"(0.7, 0.1, 0.2)",0.699999988079071,0.10000000149011612,0.20000000298023224,evaluated_pref_033,1,1,0.3333333333333333,3
preference_conditioned_ppo,Preference-Conditioned PPO,58,"(0.7, 0.2, 0.1)",0.699999988079071,0.20000000298023224,0.10000000149011612,evaluated_pref_033,1,1,0.3333333333333333,3
preference_conditioned_ppo,Preference-Conditioned PPO,59,"(0.7, 0.3, 0)",0.699999988079071,0.30000001192092896,0.0,evaluated_pref_033,1,1,0.3333333333333333,3
preference_conditioned_ppo,Preference-Conditioned PPO,60,"(0.8, 0, 0.2)",0.800000011920929,0.0,0.20000000298023224,evaluated_pref_033,1,1,0.3333333333333333,3
preference_conditioned_ppo,Preference-Conditioned PPO,61,"(0.8, 0.1, 0.1)",0.800000011920929,0.10000000149011612,0.10000000149011612,evaluated_pref_033,1,1,0.3333333333333333,3
preference_conditioned_ppo,Preference-Conditioned PPO,62,"(0.8, 0.2, 0)",0.800000011920929,0.20000000298023224,0.0,evaluated_pref_033,1,1,0.3333333333333333,3
preference_conditioned_ppo,Preference-Conditioned PPO,63,"(0.9, 0, 0.1)",0.8999999761581421,0.0,0.10000000149011612,evaluated_pref_033,1,1,0.3333333333333333,3
preference_conditioned_ppo,Preference-Conditioned PPO,64,"(0.9, 0.1, 0)",0.8999999761581421,0.10000000149011612,0.0,evaluated_pref_033,1,1,0.3333333333333333,3
preference_conditioned_ppo,Preference-Conditioned PPO,65,"(1, 0, 0)",1.0,0.0,0.0,evaluated_pref_033,1,1,0.3333333333333333,3
pcn,PCN,0,"(0, 0, 1)",0.0,0.0,1.0,evaluated_pref_000,7,2,0.6666666666666666,2
pcn,PCN,1,"(0, 0.1, 0.9)",0.0,0.10000000149011612,0.8999999761581421,evaluated_pref_001,6,2,0.6666666666666666,2
pcn,PCN,2,"(0, 0.2, 0.8)",0.0,0.20000000298023224,0.800000011920929,evaluated_pref_001,6,2,0.6666666666666666,2
pcn,PCN,3,"(0, 0.3, 0.7)",0.0,0.30000001192092896,0.699999988079071,evaluated_pref_032,5,1,0.3333333333333333,3
pcn,PCN,4,"(0, 0.4, 0.6)",0.0,0.4000000059604645,0.6000000238418579,evaluated_pref_010,1,1,0.3333333333333333,3
pcn,PCN,5,"(0, 0.5, 0.5)",0.0,0.5,0.5,evaluated_pref_010,1,1,0.3333333333333333,3
pcn,PCN,6,"(0, 0.6, 0.4)",0.0,0.6000000238418579,0.4000000059604645,evaluated_pref_010,1,1,0.3333333333333333,3
pcn,PCN,7,"(0, 0.7, 0.3)",0.0,0.699999988079071,0.30000001192092896,evaluated_pref_010,1,1,0.3333333333333333,3
pcn,PCN,8,"(0, 0.8, 0.2)",0.0,0.800000011920929,0.20000000298023224,evaluated_pref_010,1,1,0.3333333333333333,3
pcn,PCN,9,"(0, 0.9, 0.1)",0.0,0.8999999761581421,0.10000000149011612,evaluated_pref_010,1,1,0.3333333333333333,3
pcn,PCN,10,"(0, 1, 0)",0.0,1.0,0.0,evaluated_pref_010,1,1,0.3333333333333333,3
pcn,PCN,11,"(0.1, 0, 0.9)",0.10000000149011612,0.0,0.8999999761581421,evaluated_pref_064,2,1,0.3333333333333333,3
pcn,PCN,12,"(0.1, 0.1, 0.8)",0.10000000149011612,0.10000000149011612,0.800000011920929,evaluated_pref_010,1,1,0.3333333333333333,3
pcn,PCN,13,"(0.1, 0.2, 0.7)",0.10000000149011612,0.20000000298023224,0.699999988079071,evaluated_pref_010,1,1,0.3333333333333333,3
pcn,PCN,14,"(0.1, 0.3, 0.6)",0.10000000149011612,0.30000001192092896,0.6000000238418579,evaluated_pref_010,1,1,0.3333333333333333,3
pcn,PCN,15,"(0.1, 0.4, 0.5)",0.10000000149011612,0.4000000059604645,0.5,evaluated_pref_010,1,1,0.3333333333333333,3
pcn,PCN,16,"(0.1, 0.5, 0.4)",0.10000000149011612,0.5,0.4000000059604645,evaluated_pref_010,1,1,0.3333333333333333,3
pcn,PCN,17,"(0.1, 0.6, 0.3)",0.10000000149011612,0.6000000238418579,0.30000001192092896,evaluated_pref_010,1,1,0.3333333333333333,3
pcn,PCN,18,"(0.1, 0.7, 0.2)",0.10000000149011612,0.699999988079071,0.20000000298023224,evaluated_pref_010,1,1,0.3333333333333333,3
pcn,PCN,19,"(0.1, 0.8, 0.1)",0.10000000149011612,0.800000011920929,0.10000000149011612,evaluated_pref_010,1,1,0.3333333333333333,3
pcn,PCN,20,"(0.1, 0.9, 0)",0.10000000149011612,0.8999999761581421,0.0,evaluated_pref_010,1,1,0.3333333333333333,3
pcn,PCN,21,"(0.2, 0, 0.8)",0.20000000298023224,0.0,0.800000011920929,evaluated_pref_010,1,1,0.3333333333333333,3
pcn,PCN,22,"(0.2, 0.1, 0.7)",0.20000000298023224,0.10000000149011612,0.699999988079071,evaluated_pref_010,1,1,0.3333333333333333,3
pcn,PCN,23,"(0.2, 0.2, 0.6)",0.20000000298023224,0.20000000298023224,0.6000000238418579,evaluated_pref_010,1,1,0.3333333333333333,3
pcn,PCN,24,"(0.2, 0.3, 0.5)",0.20000000298023224,0.30000001192092896,0.5,evaluated_pref_010,1,1,0.3333333333333333,3
pcn,PCN,25,"(0.2, 0.4, 0.4)",0.20000000298023224,0.4000000059604645,0.4000000059604645,evaluated_pref_010,1,1,0.3333333333333333,3
pcn,PCN,26,"(0.2, 0.5, 0.3)",0.20000000298023224,0.5,0.30000001192092896,evaluated_pref_010,1,1,0.3333333333333333,3
pcn,PCN,27,"(0.2, 0.6, 0.2)",0.20000000298023224,0.6000000238418579,0.20000000298023224,evaluated_pref_010,1,1,0.3333333333333333,3
pcn,PCN,28,"(0.2, 0.7, 0.1)",0.20000000298023224,0.699999988079071,0.10000000149011612,evaluated_pref_010,1,1,0.3333333333333333,3
pcn,PCN,29,"(0.2, 0.8, 0)",0.20000000298023224,0.800000011920929,0.0,evaluated_pref_010,1,1,0.3333333333333333,3
pcn,PCN,30,"(0.3, 0, 0.7)",0.30000001192092896,0.0,0.699999988079071,evaluated_pref_010,1,1,0.3333333333333333,3
pcn,PCN,31,"(0.3, 0.1, 0.6)",0.30000001192092896,0.10000000149011612,0.6000000238418579,evaluated_pref_010,1,1,0.3333333333333333,3
pcn,PCN,32,"(0.3, 0.2, 0.5)",0.30000001192092896,0.20000000298023224,0.5,evaluated_pref_010,1,1,0.3333333333333333,3
pcn,PCN,33,"(0.3, 0.3, 0.4)",0.30000001192092896,0.30000001192092896,0.4000000059604645,evaluated_pref_010,1,1,0.3333333333333333,3
pcn,PCN,34,"(0.3, 0.4, 0.3)",0.30000001192092896,0.4000000059604645,0.30000001192092896,evaluated_pref_010,1,1,0.3333333333333333,3
pcn,PCN,35,"(0.3, 0.5, 0.2)",0.30000001192092896,0.5,0.20000000298023224,evaluated_pref_010,1,1,0.3333333333333333,3
pcn,PCN,36,"(0.3, 0.6, 0.1)",0.30000001192092896,0.6000000238418579,0.10000000149011612,evaluated_pref_010,1,1,0.3333333333333333,3
pcn,PCN,37,"(0.3, 0.7, 0)",0.30000001192092896,0.699999988079071,0.0,evaluated_pref_010,1,1,0.3333333333333333,3
pcn,PCN,38,"(0.4, 0, 0.6)",0.4000000059604645,0.0,0.6000000238418579,evaluated_pref_010,1,1,0.3333333333333333,3
pcn,PCN,39,"(0.4, 0.1, 0.5)",0.4000000059604645,0.10000000149011612,0.5,evaluated_pref_010,1,1,0.3333333333333333,3
pcn,PCN,40,"(0.4, 0.2, 0.4)",0.4000000059604645,0.20000000298023224,0.4000000059604645,evaluated_pref_010,1,1,0.3333333333333333,3
pcn,PCN,41,"(0.4, 0.3, 0.3)",0.4000000059604645,0.30000001192092896,0.30000001192092896,evaluated_pref_010,1,1,0.3333333333333333,3
pcn,PCN,42,"(0.4, 0.4, 0.2)",0.4000000059604645,0.4000000059604645,0.20000000298023224,evaluated_pref_010,1,1,0.3333333333333333,3
pcn,PCN,43,"(0.4, 0.5, 0.1)",0.4000000059604645,0.5,0.10000000149011612,evaluated_pref_010,1,1,0.3333333333333333,3
pcn,PCN,44,"(0.4, 0.6, 0)",0.4000000059604645,0.6000000238418579,0.0,evaluated_pref_010,1,1,0.3333333333333333,3
pcn,PCN,45,"(0.5, 0, 0.5)",0.5,0.0,0.5,evaluated_pref_010,1,1,0.3333333333333333,3
pcn,PCN,46,"(0.5, 0.1, 0.4)",0.5,0.10000000149011612,0.4000000059604645,evaluated_pref_010,1,1,0.3333333333333333,3
pcn,PCN,47,"(0.5, 0.2, 0.3)",0.5,0.20000000298023224,0.30000001192092896,evaluated_pref_010,1,1,0.3333333333333333,3
pcn,PCN,48,"(0.5, 0.3, 0.2)",0.5,0.30000001192092896,0.20000000298023224,evaluated_pref_010,1,1,0.3333333333333333,3
pcn,PCN,49,"(0.5, 0.4, 0.1)",0.5,0.4000000059604645,0.10000000149011612,evaluated_pref_010,1,1,0.3333333333333333,3
pcn,PCN,50,"(0.5, 0.5, 0)",0.5,0.5,0.0,evaluated_pref_010,1,1,0.3333333333333333,3
pcn,PCN,51,"(0.6, 0, 0.4)",0.6000000238418579,0.0,0.4000000059604645,evaluated_pref_010,1,1,0.3333333333333333,3
pcn,PCN,52,"(0.6, 0.1, 0.3)",0.6000000238418579,0.10000000149011612,0.30000001192092896,evaluated_pref_010,1,1,0.3333333333333333,3
pcn,PCN,53,"(0.6, 0.2, 0.2)",0.6000000238418579,0.20000000298023224,0.20000000298023224,evaluated_pref_010,1,1,0.3333333333333333,3
pcn,PCN,54,"(0.6, 0.3, 0.1)",0.6000000238418579,0.30000001192092896,0.10000000149011612,evaluated_pref_010,1,1,0.3333333333333333,3
pcn,PCN,55,"(0.6, 0.4, 0)",0.6000000238418579,0.4000000059604645,0.0,evaluated_pref_010,1,1,0.3333333333333333,3
pcn,PCN,56,"(0.7, 0, 0.3)",0.699999988079071,0.0,0.30000001192092896,evaluated_pref_010,1,1,0.3333333333333333,3
pcn,PCN,57,"(0.7, 0.1, 0.2)",0.699999988079071,0.10000000149011612,0.20000000298023224,evaluated_pref_010,1,1,0.3333333333333333,3
pcn,PCN,58,"(0.7, 0.2, 0.1)",0.699999988079071,0.20000000298023224,0.10000000149011612,evaluated_pref_010,1,1,0.3333333333333333,3
pcn,PCN,59,"(0.7, 0.3, 0)",0.699999988079071,0.30000001192092896,0.0,evaluated_pref_010,1,1,0.3333333333333333,3
pcn,PCN,60,"(0.8, 0, 0.2)",0.800000011920929,0.0,0.20000000298023224,evaluated_pref_010,1,1,0.3333333333333333,3
pcn,PCN,61,"(0.8, 0.1, 0.1)",0.800000011920929,0.10000000149011612,0.10000000149011612,evaluated_pref_010,1,1,0.3333333333333333,3
pcn,PCN,62,"(0.8, 0.2, 0)",0.800000011920929,0.20000000298023224,0.0,evaluated_pref_010,1,1,0.3333333333333333,3
pcn,PCN,63,"(0.9, 0, 0.1)",0.8999999761581421,0.0,0.10000000149011612,evaluated_pref_010,1,1,0.3333333333333333,3
pcn,PCN,64,"(0.9, 0.1, 0)",0.8999999761581421,0.10000000149011612,0.0,evaluated_pref_010,1,1,0.3333333333333333,3
pcn,PCN,65,"(1, 0, 0)",1.0,0.0,0.0,evaluated_pref_010,1,1,0.3333333333333333,3
