selector,preference_index,preference,selected_policy_id,selected_utility,selected_passed_strict,selected_near_strict,selected_strict_margin,selected_business_return,selected_cost_return,selected_mean_violation,selected_final_critical_compromised_hosts,selected_high_disruption_action_rate
utility_argmax,0,"[0.0, 0.0, 1.0]",stage1_pref_002_ckpt_191,-0.05000000074505806,False,False,-38.358741760253906,-163.85873413085938,-0.03700000047683716,38.858741760253906,1.0,0.00175
strict_lexi,0,"[0.0, 0.0, 1.0]",stage1_pref_000_ckpt_096,-25.064167022705078,False,False,-5.656749725341797,-117.2723617553711,-25.572500228881836,6.156749725341797,0.725,0.93375
risk_adjusted_utility,0,"[0.0, 0.0, 1.0]",stage1_pref_002_ckpt_191,-0.05000000074505806,False,False,-38.358741760253906,-163.85873413085938,-0.03700000047683716,38.858741760253906,1.0,0.00175
utility_argmax,1,"[0.0, 0.1, 0.9]",stage1_pref_002_ckpt_191,-16.43187713623047,False,False,-38.358741760253906,-163.85873413085938,-0.03700000047683716,38.858741760253906,1.0,0.00175
strict_lexi,1,"[0.0, 0.1, 0.9]",stage1_pref_000_ckpt_096,-34.29590606689453,False,False,-5.656749725341797,-117.2723617553711,-25.572500228881836,6.156749725341797,0.725,0.93375
risk_adjusted_utility,1,"[0.0, 0.1, 0.9]",stage1_pref_002_ckpt_191,-16.43187713623047,False,False,-38.358741760253906,-163.85873413085938,-0.03700000047683716,38.858741760253906,1.0,0.00175
utility_argmax,2,"[0.0, 0.2, 0.8]",stage2_ext_007_obj_0,-32.70764923095703,False,False,-38.389244079589844,-163.88925170898438,-0.36625003814697266,38.889244079589844,1.0,0.016
strict_lexi,2,"[0.0, 0.2, 0.8]",stage1_pref_000_ckpt_096,-43.52764892578125,False,False,-5.656749725341797,-117.2723617553711,-25.572500228881836,6.156749725341797,0.725,0.93375
risk_adjusted_utility,2,"[0.0, 0.2, 0.8]",stage2_ext_007_obj_0,-32.70764923095703,False,False,-38.389244079589844,-163.88925170898438,-0.36625003814697266,38.889244079589844,1.0,0.016
utility_argmax,3,"[0.0, 0.3, 0.7]",stage2_ext_007_obj_0,-48.927101135253906,False,False,-38.389244079589844,-163.88925170898438,-0.36625003814697266,38.889244079589844,1.0,0.016
strict_lexi,3,"[0.0, 0.3, 0.7]",stage1_pref_000_ckpt_096,-52.75938415527344,False,False,-5.656749725341797,-117.2723617553711,-25.572500228881836,6.156749725341797,0.725,0.93375
risk_adjusted_utility,3,"[0.0, 0.3, 0.7]",stage2_ext_007_obj_0,-48.927101135253906,False,False,-38.389244079589844,-163.88925170898438,-0.36625003814697266,38.889244079589844,1.0,0.016
utility_argmax,4,"[0.0, 0.4, 0.6]",stage1_pref_000_ckpt_191,-58.883792877197266,False,False,-9.680063247680664,-106.2420654296875,-30.91400146484375,10.180063247680664,0.5,0.986
strict_lexi,4,"[0.0, 0.4, 0.6]",stage1_pref_000_ckpt_096,-61.991127014160156,False,False,-5.656749725341797,-117.2723617553711,-25.572500228881836,6.156749725341797,0.725,0.93375
risk_adjusted_utility,4,"[0.0, 0.4, 0.6]",stage1_pref_000_ckpt_191,-58.883792877197266,False,False,-9.680063247680664,-106.2420654296875,-30.91400146484375,10.180063247680664,0.5,0.986
utility_argmax,5,"[0.0, 0.5, 0.5]",stage1_pref_000_ckpt_191,-65.8659896850586,False,False,-9.680063247680664,-106.2420654296875,-30.91400146484375,10.180063247680664,0.5,0.986
strict_lexi,5,"[0.0, 0.5, 0.5]",stage1_pref_000_ckpt_096,-71.22286224365234,False,False,-5.656749725341797,-117.2723617553711,-25.572500228881836,6.156749725341797,0.725,0.93375
risk_adjusted_utility,5,"[0.0, 0.5, 0.5]",stage1_pref_000_ckpt_191,-65.8659896850586,False,False,-9.680063247680664,-106.2420654296875,-30.91400146484375,10.180063247680664,0.5,0.986
utility_argmax,6,"[0.0, 0.6, 0.4]",stage1_pref_000_ckpt_191,-72.84819030761719,False,False,-9.680063247680664,-106.2420654296875,-30.91400146484375,10.180063247680664,0.5,0.986
strict_lexi,6,"[0.0, 0.6, 0.4]",stage1_pref_000_ckpt_096,-80.45460510253906,False,False,-5.656749725341797,-117.2723617553711,-25.572500228881836,6.156749725341797,0.725,0.93375
risk_adjusted_utility,6,"[0.0, 0.6, 0.4]",stage1_pref_000_ckpt_191,-72.84819030761719,False,False,-9.680063247680664,-106.2420654296875,-30.91400146484375,10.180063247680664,0.5,0.986
utility_argmax,7,"[0.0, 0.7, 0.3]",stage1_pref_000_ckpt_191,-79.83038330078125,False,False,-9.680063247680664,-106.2420654296875,-30.91400146484375,10.180063247680664,0.5,0.986
strict_lexi,7,"[0.0, 0.7, 0.3]",stage1_pref_000_ckpt_096,-89.68634033203125,False,False,-5.656749725341797,-117.2723617553711,-25.572500228881836,6.156749725341797,0.725,0.93375
risk_adjusted_utility,7,"[0.0, 0.7, 0.3]",stage1_pref_000_ckpt_191,-79.83038330078125,False,False,-9.680063247680664,-106.2420654296875,-30.91400146484375,10.180063247680664,0.5,0.986
utility_argmax,8,"[0.0, 0.8, 0.2]",stage1_pref_000_ckpt_191,-86.81258392333984,False,False,-9.680063247680664,-106.2420654296875,-30.91400146484375,10.180063247680664,0.5,0.986
strict_lexi,8,"[0.0, 0.8, 0.2]",stage1_pref_000_ckpt_096,-98.91808319091797,False,False,-5.656749725341797,-117.2723617553711,-25.572500228881836,6.156749725341797,0.725,0.93375
risk_adjusted_utility,8,"[0.0, 0.8, 0.2]",stage1_pref_000_ckpt_191,-86.81258392333984,False,False,-9.680063247680664,-106.2420654296875,-30.91400146484375,10.180063247680664,0.5,0.986
utility_argmax,9,"[0.0, 0.9, 0.1]",stage1_pref_000_ckpt_191,-93.7947769165039,False,False,-9.680063247680664,-106.2420654296875,-30.91400146484375,10.180063247680664,0.5,0.986
strict_lexi,9,"[0.0, 0.9, 0.1]",stage1_pref_000_ckpt_096,-108.14981842041016,False,False,-5.656749725341797,-117.2723617553711,-25.572500228881836,6.156749725341797,0.725,0.93375
risk_adjusted_utility,9,"[0.0, 0.9, 0.1]",stage1_pref_000_ckpt_191,-93.7947769165039,False,False,-9.680063247680664,-106.2420654296875,-30.91400146484375,10.180063247680664,0.5,0.986
utility_argmax,10,"[0.0, 1.0, 0.0]",stage1_pref_000_ckpt_191,-100.7769775390625,False,False,-9.680063247680664,-106.2420654296875,-30.91400146484375,10.180063247680664,0.5,0.986
strict_lexi,10,"[0.0, 1.0, 0.0]",stage1_pref_000_ckpt_096,-117.38156127929688,False,False,-5.656749725341797,-117.2723617553711,-25.572500228881836,6.156749725341797,0.725,0.93375
risk_adjusted_utility,10,"[0.0, 1.0, 0.0]",stage1_pref_000_ckpt_191,-100.7769775390625,False,False,-9.680063247680664,-106.2420654296875,-30.91400146484375,10.180063247680664,0.5,0.986
utility_argmax,11,"[0.1, 0.0, 0.9]",stage2_ext_006_obj_1,-65.54066467285156,False,False,-9.630937576293945,-111.21430969238281,-29.45949935913086,10.130937576293945,0.525,0.97475
strict_lexi,11,"[0.1, 0.0, 0.9]",stage1_pref_000_ckpt_096,-68.27587127685547,False,False,-5.656749725341797,-117.2723617553711,-25.572500228881836,6.156749725341797,0.725,0.93375
risk_adjusted_utility,11,"[0.1, 0.0, 0.9]",stage1_pref_000_ckpt_096,-68.27587127685547,False,False,-5.656749725341797,-117.2723617553711,-25.572500228881836,6.156749725341797,0.725,0.93375
utility_argmax,12,"[0.1, 0.1, 0.8]",stage2_ext_006_obj_1,-73.05364990234375,False,False,-9.630937576293945,-111.21430969238281,-29.45949935913086,10.130937576293945,0.525,0.97475
strict_lexi,12,"[0.1, 0.1, 0.8]",stage1_pref_000_ckpt_096,-77.50761413574219,False,False,-5.656749725341797,-117.2723617553711,-25.572500228881836,6.156749725341797,0.725,0.93375
risk_adjusted_utility,12,"[0.1, 0.1, 0.8]",stage1_pref_000_ckpt_096,-77.50761413574219,False,False,-5.656749725341797,-117.2723617553711,-25.572500228881836,6.156749725341797,0.725,0.93375
utility_argmax,13,"[0.1, 0.2, 0.7]",stage1_pref_000_ckpt_191,-80.36827087402344,False,False,-9.680063247680664,-106.2420654296875,-30.91400146484375,10.180063247680664,0.5,0.986
strict_lexi,13,"[0.1, 0.2, 0.7]",stage1_pref_000_ckpt_096,-86.73934936523438,False,False,-5.656749725341797,-117.2723617553711,-25.572500228881836,6.156749725341797,0.725,0.93375
risk_adjusted_utility,13,"[0.1, 0.2, 0.7]",stage1_pref_000_ckpt_096,-86.73934936523438,False,False,-5.656749725341797,-117.2723617553711,-25.572500228881836,6.156749725341797,0.725,0.93375
utility_argmax,14,"[0.1, 0.3, 0.6]",stage1_pref_000_ckpt_191,-87.35047912597656,False,False,-9.680063247680664,-106.2420654296875,-30.91400146484375,10.180063247680664,0.5,0.986
strict_lexi,14,"[0.1, 0.3, 0.6]",stage1_pref_000_ckpt_096,-95.9710922241211,False,False,-5.656749725341797,-117.2723617553711,-25.572500228881836,6.156749725341797,0.725,0.93375
risk_adjusted_utility,14,"[0.1, 0.3, 0.6]",stage1_pref_000_ckpt_096,-95.9710922241211,False,False,-5.656749725341797,-117.2723617553711,-25.572500228881836,6.156749725341797,0.725,0.93375
utility_argmax,15,"[0.1, 0.4, 0.5]",stage1_pref_000_ckpt_191,-94.3326644897461,False,False,-9.680063247680664,-106.2420654296875,-30.91400146484375,10.180063247680664,0.5,0.986
strict_lexi,15,"[0.1, 0.4, 0.5]",stage1_pref_000_ckpt_096,-105.20282745361328,False,False,-5.656749725341797,-117.2723617553711,-25.572500228881836,6.156749725341797,0.725,0.93375
risk_adjusted_utility,15,"[0.1, 0.4, 0.5]",stage1_pref_000_ckpt_096,-105.20282745361328,False,False,-5.656749725341797,-117.2723617553711,-25.572500228881836,6.156749725341797,0.725,0.93375
utility_argmax,16,"[0.1, 0.5, 0.4]",stage1_pref_000_ckpt_191,-101.31486511230469,False,False,-9.680063247680664,-106.2420654296875,-30.91400146484375,10.180063247680664,0.5,0.986
strict_lexi,16,"[0.1, 0.5, 0.4]",stage1_pref_000_ckpt_096,-114.4345703125,False,False,-5.656749725341797,-117.2723617553711,-25.572500228881836,6.156749725341797,0.725,0.93375
risk_adjusted_utility,16,"[0.1, 0.5, 0.4]",stage1_pref_000_ckpt_191,-101.31486511230469,False,False,-9.680063247680664,-106.2420654296875,-30.91400146484375,10.180063247680664,0.5,0.986
utility_argmax,17,"[0.1, 0.6, 0.3]",stage1_pref_000_ckpt_191,-108.29706573486328,False,False,-9.680063247680664,-106.2420654296875,-30.91400146484375,10.180063247680664,0.5,0.986
strict_lexi,17,"[0.1, 0.6, 0.3]",stage1_pref_000_ckpt_096,-123.66631317138672,False,False,-5.656749725341797,-117.2723617553711,-25.572500228881836,6.156749725341797,0.725,0.93375
risk_adjusted_utility,17,"[0.1, 0.6, 0.3]",stage1_pref_000_ckpt_191,-108.29706573486328,False,False,-9.680063247680664,-106.2420654296875,-30.91400146484375,10.180063247680664,0.5,0.986
utility_argmax,18,"[0.1, 0.7, 0.2]",stage1_pref_000_ckpt_191,-115.27925872802734,False,False,-9.680063247680664,-106.2420654296875,-30.91400146484375,10.180063247680664,0.5,0.986
strict_lexi,18,"[0.1, 0.7, 0.2]",stage1_pref_000_ckpt_096,-132.89805603027344,False,False,-5.656749725341797,-117.2723617553711,-25.572500228881836,6.156749725341797,0.725,0.93375
risk_adjusted_utility,18,"[0.1, 0.7, 0.2]",stage1_pref_000_ckpt_191,-115.27925872802734,False,False,-9.680063247680664,-106.2420654296875,-30.91400146484375,10.180063247680664,0.5,0.986
utility_argmax,19,"[0.1, 0.8, 0.1]",stage1_pref_000_ckpt_191,-122.2614517211914,False,False,-9.680063247680664,-106.2420654296875,-30.91400146484375,10.180063247680664,0.5,0.986
strict_lexi,19,"[0.1, 0.8, 0.1]",stage1_pref_000_ckpt_096,-142.1298065185547,False,False,-5.656749725341797,-117.2723617553711,-25.572500228881836,6.156749725341797,0.725,0.93375
risk_adjusted_utility,19,"[0.1, 0.8, 0.1]",stage1_pref_000_ckpt_191,-122.2614517211914,False,False,-9.680063247680664,-106.2420654296875,-30.91400146484375,10.180063247680664,0.5,0.986
utility_argmax,20,"[0.1, 0.9, 0.0]",stage1_pref_000_ckpt_191,-129.24365234375,False,False,-9.680063247680664,-106.2420654296875,-30.91400146484375,10.180063247680664,0.5,0.986
strict_lexi,20,"[0.1, 0.9, 0.0]",stage1_pref_000_ckpt_096,-151.3615264892578,False,False,-5.656749725341797,-117.2723617553711,-25.572500228881836,6.156749725341797,0.725,0.93375
risk_adjusted_utility,20,"[0.1, 0.9, 0.0]",stage1_pref_000_ckpt_191,-129.24365234375,False,False,-9.680063247680664,-106.2420654296875,-30.91400146484375,10.180063247680664,0.5,0.986
utility_argmax,21,"[0.2, 0.0, 0.8]",stage2_ext_006_obj_1,-101.22966766357422,False,False,-9.630937576293945,-111.21430969238281,-29.45949935913086,10.130937576293945,0.525,0.97475
strict_lexi,21,"[0.2, 0.0, 0.8]",stage1_pref_000_ckpt_096,-111.48757934570312,False,False,-5.656749725341797,-117.2723617553711,-25.572500228881836,6.156749725341797,0.725,0.93375
risk_adjusted_utility,21,"[0.2, 0.0, 0.8]",stage1_pref_000_ckpt_096,-111.48757934570312,False,False,-5.656749725341797,-117.2723617553711,-25.572500228881836,6.156749725341797,0.725,0.93375
utility_argmax,22,"[0.2, 0.1, 0.7]",stage2_ext_006_obj_1,-108.74264526367188,False,False,-9.630937576293945,-111.21430969238281,-29.45949935913086,10.130937576293945,0.525,0.97475
strict_lexi,22,"[0.2, 0.1, 0.7]",stage1_pref_000_ckpt_096,-120.71932220458984,False,False,-5.656749725341797,-117.2723617553711,-25.572500228881836,6.156749725341797,0.725,0.93375
risk_adjusted_utility,22,"[0.2, 0.1, 0.7]",stage1_pref_000_ckpt_096,-120.71932220458984,False,False,-5.656749725341797,-117.2723617553711,-25.572500228881836,6.156749725341797,0.725,0.93375
utility_argmax,23,"[0.2, 0.2, 0.6]",stage1_pref_000_ckpt_191,-115.81715393066406,False,False,-9.680063247680664,-106.2420654296875,-30.91400146484375,10.180063247680664,0.5,0.986
strict_lexi,23,"[0.2, 0.2, 0.6]",stage1_pref_000_ckpt_096,-129.95106506347656,False,False,-5.656749725341797,-117.2723617553711,-25.572500228881836,6.156749725341797,0.725,0.93375
risk_adjusted_utility,23,"[0.2, 0.2, 0.6]",stage1_pref_000_ckpt_096,-129.95106506347656,False,False,-5.656749725341797,-117.2723617553711,-25.572500228881836,6.156749725341797,0.725,0.93375
utility_argmax,24,"[0.2, 0.3, 0.5]",stage1_pref_000_ckpt_191,-122.79934692382812,False,False,-9.680063247680664,-106.2420654296875,-30.91400146484375,10.180063247680664,0.5,0.986
strict_lexi,24,"[0.2, 0.3, 0.5]",stage1_pref_000_ckpt_096,-139.18280029296875,False,False,-5.656749725341797,-117.2723617553711,-25.572500228881836,6.156749725341797,0.725,0.93375
risk_adjusted_utility,24,"[0.2, 0.3, 0.5]",stage1_pref_000_ckpt_096,-139.18280029296875,False,False,-5.656749725341797,-117.2723617553711,-25.572500228881836,6.156749725341797,0.725,0.93375
utility_argmax,25,"[0.2, 0.4, 0.4]",stage1_pref_000_ckpt_191,-129.7815399169922,False,False,-9.680063247680664,-106.2420654296875,-30.91400146484375,10.180063247680664,0.5,0.986
strict_lexi,25,"[0.2, 0.4, 0.4]",stage1_pref_000_ckpt_096,-148.41453552246094,False,False,-5.656749725341797,-117.2723617553711,-25.572500228881836,6.156749725341797,0.725,0.93375
risk_adjusted_utility,25,"[0.2, 0.4, 0.4]",stage1_pref_000_ckpt_096,-148.41453552246094,False,False,-5.656749725341797,-117.2723617553711,-25.572500228881836,6.156749725341797,0.725,0.93375
utility_argmax,26,"[0.2, 0.5, 0.3]",stage1_pref_000_ckpt_191,-136.7637481689453,False,False,-9.680063247680664,-106.2420654296875,-30.91400146484375,10.180063247680664,0.5,0.986
strict_lexi,26,"[0.2, 0.5, 0.3]",stage1_pref_000_ckpt_096,-157.6462860107422,False,False,-5.656749725341797,-117.2723617553711,-25.572500228881836,6.156749725341797,0.725,0.93375
risk_adjusted_utility,26,"[0.2, 0.5, 0.3]",stage1_pref_000_ckpt_096,-157.6462860107422,False,False,-5.656749725341797,-117.2723617553711,-25.572500228881836,6.156749725341797,0.725,0.93375
utility_argmax,27,"[0.2, 0.6, 0.2]",stage1_pref_000_ckpt_191,-143.74594116210938,False,False,-9.680063247680664,-106.2420654296875,-30.91400146484375,10.180063247680664,0.5,0.986
strict_lexi,27,"[0.2, 0.6, 0.2]",stage1_pref_000_ckpt_096,-166.87802124023438,False,False,-5.656749725341797,-117.2723617553711,-25.572500228881836,6.156749725341797,0.725,0.93375
risk_adjusted_utility,27,"[0.2, 0.6, 0.2]",stage1_pref_000_ckpt_096,-166.87802124023438,False,False,-5.656749725341797,-117.2723617553711,-25.572500228881836,6.156749725341797,0.725,0.93375
utility_argmax,28,"[0.2, 0.7, 0.1]",stage1_pref_000_ckpt_191,-150.72813415527344,False,False,-9.680063247680664,-106.2420654296875,-30.91400146484375,10.180063247680664,0.5,0.986
strict_lexi,28,"[0.2, 0.7, 0.1]",stage1_pref_000_ckpt_096,-176.10975646972656,False,False,-5.656749725341797,-117.2723617553711,-25.572500228881836,6.156749725341797,0.725,0.93375
risk_adjusted_utility,28,"[0.2, 0.7, 0.1]",stage1_pref_000_ckpt_096,-176.10975646972656,False,False,-5.656749725341797,-117.2723617553711,-25.572500228881836,6.156749725341797,0.725,0.93375
utility_argmax,29,"[0.2, 0.8, 0.0]",stage1_pref_000_ckpt_191,-157.7103271484375,False,False,-9.680063247680664,-106.2420654296875,-30.91400146484375,10.180063247680664,0.5,0.986
strict_lexi,29,"[0.2, 0.8, 0.0]",stage1_pref_000_ckpt_096,-185.34149169921875,False,False,-5.656749725341797,-117.2723617553711,-25.572500228881836,6.156749725341797,0.725,0.93375
risk_adjusted_utility,29,"[0.2, 0.8, 0.0]",stage1_pref_000_ckpt_191,-157.7103271484375,False,False,-9.680063247680664,-106.2420654296875,-30.91400146484375,10.180063247680664,0.5,0.986
utility_argmax,30,"[0.3, 0.0, 0.7]",stage2_ext_006_obj_1,-136.91867065429688,False,False,-9.630937576293945,-111.21430969238281,-29.45949935913086,10.130937576293945,0.525,0.97475
strict_lexi,30,"[0.3, 0.0, 0.7]",stage1_pref_000_ckpt_096,-154.6992950439453,False,False,-5.656749725341797,-117.2723617553711,-25.572500228881836,6.156749725341797,0.725,0.93375
risk_adjusted_utility,30,"[0.3, 0.0, 0.7]",stage1_pref_000_ckpt_096,-154.6992950439453,False,False,-5.656749725341797,-117.2723617553711,-25.572500228881836,6.156749725341797,0.725,0.93375
utility_argmax,31,"[0.3, 0.1, 0.6]",stage1_pref_000_ckpt_191,-144.28382873535156,False,False,-9.680063247680664,-106.2420654296875,-30.91400146484375,10.180063247680664,0.5,0.986
strict_lexi,31,"[0.3, 0.1, 0.6]",stage1_pref_000_ckpt_096,-163.9310302734375,False,False,-5.656749725341797,-117.2723617553711,-25.572500228881836,6.156749725341797,0.725,0.93375
risk_adjusted_utility,31,"[0.3, 0.1, 0.6]",stage1_pref_000_ckpt_096,-163.9310302734375,False,False,-5.656749725341797,-117.2723617553711,-25.572500228881836,6.156749725341797,0.725,0.93375
utility_argmax,32,"[0.3, 0.2, 0.5]",stage1_pref_000_ckpt_191,-151.26602172851562,False,False,-9.680063247680664,-106.2420654296875,-30.91400146484375,10.180063247680664,0.5,0.986
strict_lexi,32,"[0.3, 0.2, 0.5]",stage1_pref_000_ckpt_096,-173.16278076171875,False,False,-5.656749725341797,-117.2723617553711,-25.572500228881836,6.156749725341797,0.725,0.93375
risk_adjusted_utility,32,"[0.3, 0.2, 0.5]",stage1_pref_000_ckpt_096,-173.16278076171875,False,False,-5.656749725341797,-117.2723617553711,-25.572500228881836,6.156749725341797,0.725,0.93375
utility_argmax,33,"[0.3, 0.3, 0.4]",stage1_pref_000_ckpt_191,-158.24822998046875,False,False,-9.680063247680664,-106.2420654296875,-30.91400146484375,10.180063247680664,0.5,0.986
strict_lexi,33,"[0.3, 0.3, 0.4]",stage1_pref_000_ckpt_096,-182.39450073242188,False,False,-5.656749725341797,-117.2723617553711,-25.572500228881836,6.156749725341797,0.725,0.93375
risk_adjusted_utility,33,"[0.3, 0.3, 0.4]",stage1_pref_000_ckpt_096,-182.39450073242188,False,False,-5.656749725341797,-117.2723617553711,-25.572500228881836,6.156749725341797,0.725,0.93375
utility_argmax,34,"[0.3, 0.4, 0.3]",stage1_pref_000_ckpt_191,-165.2304229736328,False,False,-9.680063247680664,-106.2420654296875,-30.91400146484375,10.180063247680664,0.5,0.986
strict_lexi,34,"[0.3, 0.4, 0.3]",stage1_pref_000_ckpt_096,-191.62625122070312,False,False,-5.656749725341797,-117.2723617553711,-25.572500228881836,6.156749725341797,0.725,0.93375
risk_adjusted_utility,34,"[0.3, 0.4, 0.3]",stage1_pref_000_ckpt_096,-191.62625122070312,False,False,-5.656749725341797,-117.2723617553711,-25.572500228881836,6.156749725341797,0.725,0.93375
utility_argmax,35,"[0.3, 0.5, 0.2]",stage1_pref_000_ckpt_191,-172.21261596679688,False,False,-9.680063247680664,-106.2420654296875,-30.91400146484375,10.180063247680664,0.5,0.986
strict_lexi,35,"[0.3, 0.5, 0.2]",stage1_pref_000_ckpt_096,-200.8579864501953,False,False,-5.656749725341797,-117.2723617553711,-25.572500228881836,6.156749725341797,0.725,0.93375
risk_adjusted_utility,35,"[0.3, 0.5, 0.2]",stage1_pref_000_ckpt_096,-200.8579864501953,False,False,-5.656749725341797,-117.2723617553711,-25.572500228881836,6.156749725341797,0.725,0.93375
utility_argmax,36,"[0.3, 0.6, 0.1]",stage1_pref_000_ckpt_191,-179.19482421875,False,False,-9.680063247680664,-106.2420654296875,-30.91400146484375,10.180063247680664,0.5,0.986
strict_lexi,36,"[0.3, 0.6, 0.1]",stage1_pref_000_ckpt_096,-210.08973693847656,False,False,-5.656749725341797,-117.2723617553711,-25.572500228881836,6.156749725341797,0.725,0.93375
risk_adjusted_utility,36,"[0.3, 0.6, 0.1]",stage1_pref_000_ckpt_096,-210.08973693847656,False,False,-5.656749725341797,-117.2723617553711,-25.572500228881836,6.156749725341797,0.725,0.93375
utility_argmax,37,"[0.3, 0.7, 0.0]",stage1_pref_000_ckpt_191,-186.17701721191406,False,False,-9.680063247680664,-106.2420654296875,-30.91400146484375,10.180063247680664,0.5,0.986
strict_lexi,37,"[0.3, 0.7, 0.0]",stage1_pref_000_ckpt_096,-219.32147216796875,False,False,-5.656749725341797,-117.2723617553711,-25.572500228881836,6.156749725341797,0.725,0.93375
risk_adjusted_utility,37,"[0.3, 0.7, 0.0]",stage1_pref_000_ckpt_096,-219.32147216796875,False,False,-5.656749725341797,-117.2723617553711,-25.572500228881836,6.156749725341797,0.725,0.93375
utility_argmax,38,"[0.4, 0.0, 0.6]",stage2_ext_006_obj_1,-172.607666015625,False,False,-9.630937576293945,-111.21430969238281,-29.45949935913086,10.130937576293945,0.525,0.97475
strict_lexi,38,"[0.4, 0.0, 0.6]",stage1_pref_000_ckpt_096,-197.91099548339844,False,False,-5.656749725341797,-117.2723617553711,-25.572500228881836,6.156749725341797,0.725,0.93375
risk_adjusted_utility,38,"[0.4, 0.0, 0.6]",stage1_pref_000_ckpt_096,-197.91099548339844,False,False,-5.656749725341797,-117.2723617553711,-25.572500228881836,6.156749725341797,0.725,0.93375
utility_argmax,39,"[0.4, 0.1, 0.5]",stage1_pref_000_ckpt_191,-179.73269653320312,False,False,-9.680063247680664,-106.2420654296875,-30.91400146484375,10.180063247680664,0.5,0.986
strict_lexi,39,"[0.4, 0.1, 0.5]",stage1_pref_000_ckpt_096,-207.1427459716797,False,False,-5.656749725341797,-117.2723617553711,-25.572500228881836,6.156749725341797,0.725,0.93375
risk_adjusted_utility,39,"[0.4, 0.1, 0.5]",stage1_pref_000_ckpt_096,-207.1427459716797,False,False,-5.656749725341797,-117.2723617553711,-25.572500228881836,6.156749725341797,0.725,0.93375
utility_argmax,40,"[0.4, 0.2, 0.4]",stage1_pref_000_ckpt_191,-186.71490478515625,False,False,-9.680063247680664,-106.2420654296875,-30.91400146484375,10.180063247680664,0.5,0.986
strict_lexi,40,"[0.4, 0.2, 0.4]",stage1_pref_000_ckpt_096,-216.37448120117188,False,False,-5.656749725341797,-117.2723617553711,-25.572500228881836,6.156749725341797,0.725,0.93375
risk_adjusted_utility,40,"[0.4, 0.2, 0.4]",stage1_pref_000_ckpt_096,-216.37448120117188,False,False,-5.656749725341797,-117.2723617553711,-25.572500228881836,6.156749725341797,0.725,0.93375
utility_argmax,41,"[0.4, 0.3, 0.3]",stage1_pref_000_ckpt_191,-193.6970977783203,False,False,-9.680063247680664,-106.2420654296875,-30.91400146484375,10.180063247680664,0.5,0.986
strict_lexi,41,"[0.4, 0.3, 0.3]",stage1_pref_000_ckpt_096,-225.60623168945312,False,False,-5.656749725341797,-117.2723617553711,-25.572500228881836,6.156749725341797,0.725,0.93375
risk_adjusted_utility,41,"[0.4, 0.3, 0.3]",stage1_pref_000_ckpt_096,-225.60623168945312,False,False,-5.656749725341797,-117.2723617553711,-25.572500228881836,6.156749725341797,0.725,0.93375
utility_argmax,42,"[0.4, 0.4, 0.2]",stage1_pref_000_ckpt_191,-200.67929077148438,False,False,-9.680063247680664,-106.2420654296875,-30.91400146484375,10.180063247680664,0.5,0.986
strict_lexi,42,"[0.4, 0.4, 0.2]",stage1_pref_000_ckpt_096,-234.83795166015625,False,False,-5.656749725341797,-117.2723617553711,-25.572500228881836,6.156749725341797,0.725,0.93375
risk_adjusted_utility,42,"[0.4, 0.4, 0.2]",stage1_pref_000_ckpt_096,-234.83795166015625,False,False,-5.656749725341797,-117.2723617553711,-25.572500228881836,6.156749725341797,0.725,0.93375
utility_argmax,43,"[0.4, 0.5, 0.1]",stage1_pref_000_ckpt_191,-207.6614990234375,False,False,-9.680063247680664,-106.2420654296875,-30.91400146484375,10.180063247680664,0.5,0.986
strict_lexi,43,"[0.4, 0.5, 0.1]",stage1_pref_000_ckpt_096,-244.0697021484375,False,False,-5.656749725341797,-117.2723617553711,-25.572500228881836,6.156749725341797,0.725,0.93375
risk_adjusted_utility,43,"[0.4, 0.5, 0.1]",stage1_pref_000_ckpt_096,-244.0697021484375,False,False,-5.656749725341797,-117.2723617553711,-25.572500228881836,6.156749725341797,0.725,0.93375
utility_argmax,44,"[0.4, 0.6, 0.0]",stage1_pref_000_ckpt_191,-214.64369201660156,False,False,-9.680063247680664,-106.2420654296875,-30.91400146484375,10.180063247680664,0.5,0.986
strict_lexi,44,"[0.4, 0.6, 0.0]",stage1_pref_000_ckpt_096,-253.3014373779297,False,False,-5.656749725341797,-117.2723617553711,-25.572500228881836,6.156749725341797,0.725,0.93375
risk_adjusted_utility,44,"[0.4, 0.6, 0.0]",stage1_pref_000_ckpt_096,-253.3014373779297,False,False,-5.656749725341797,-117.2723617553711,-25.572500228881836,6.156749725341797,0.725,0.93375
utility_argmax,45,"[0.5, 0.0, 0.5]",stage1_pref_000_ckpt_191,-208.19937133789062,False,False,-9.680063247680664,-106.2420654296875,-30.91400146484375,10.180063247680664,0.5,0.986
strict_lexi,45,"[0.5, 0.0, 0.5]",stage1_pref_000_ckpt_096,-241.12271118164062,False,False,-5.656749725341797,-117.2723617553711,-25.572500228881836,6.156749725341797,0.725,0.93375
risk_adjusted_utility,45,"[0.5, 0.0, 0.5]",stage1_pref_000_ckpt_096,-241.12271118164062,False,False,-5.656749725341797,-117.2723617553711,-25.572500228881836,6.156749725341797,0.725,0.93375
utility_argmax,46,"[0.5, 0.1, 0.4]",stage1_pref_000_ckpt_191,-215.18157958984375,False,False,-9.680063247680664,-106.2420654296875,-30.91400146484375,10.180063247680664,0.5,0.986
strict_lexi,46,"[0.5, 0.1, 0.4]",stage1_pref_000_ckpt_096,-250.3544464111328,False,False,-5.656749725341797,-117.2723617553711,-25.572500228881836,6.156749725341797,0.725,0.93375
risk_adjusted_utility,46,"[0.5, 0.1, 0.4]",stage1_pref_000_ckpt_096,-250.3544464111328,False,False,-5.656749725341797,-117.2723617553711,-25.572500228881836,6.156749725341797,0.725,0.93375
utility_argmax,47,"[0.5, 0.2, 0.3]",stage1_pref_000_ckpt_191,-222.1637725830078,False,False,-9.680063247680664,-106.2420654296875,-30.91400146484375,10.180063247680664,0.5,0.986
strict_lexi,47,"[0.5, 0.2, 0.3]",stage1_pref_000_ckpt_096,-259.586181640625,False,False,-5.656749725341797,-117.2723617553711,-25.572500228881836,6.156749725341797,0.725,0.93375
risk_adjusted_utility,47,"[0.5, 0.2, 0.3]",stage1_pref_000_ckpt_096,-259.586181640625,False,False,-5.656749725341797,-117.2723617553711,-25.572500228881836,6.156749725341797,0.725,0.93375
utility_argmax,48,"[0.5, 0.3, 0.2]",stage1_pref_000_ckpt_191,-229.14596557617188,False,False,-9.680063247680664,-106.2420654296875,-30.91400146484375,10.180063247680664,0.5,0.986
strict_lexi,48,"[0.5, 0.3, 0.2]",stage1_pref_000_ckpt_096,-268.81793212890625,False,False,-5.656749725341797,-117.2723617553711,-25.572500228881836,6.156749725341797,0.725,0.93375
risk_adjusted_utility,48,"[0.5, 0.3, 0.2]",stage1_pref_000_ckpt_096,-268.81793212890625,False,False,-5.656749725341797,-117.2723617553711,-25.572500228881836,6.156749725341797,0.725,0.93375
utility_argmax,49,"[0.5, 0.4, 0.1]",stage1_pref_000_ckpt_191,-236.128173828125,False,False,-9.680063247680664,-106.2420654296875,-30.91400146484375,10.180063247680664,0.5,0.986
strict_lexi,49,"[0.5, 0.4, 0.1]",stage1_pref_000_ckpt_096,-278.0496520996094,False,False,-5.656749725341797,-117.2723617553711,-25.572500228881836,6.156749725341797,0.725,0.93375
risk_adjusted_utility,49,"[0.5, 0.4, 0.1]",stage1_pref_000_ckpt_096,-278.0496520996094,False,False,-5.656749725341797,-117.2723617553711,-25.572500228881836,6.156749725341797,0.725,0.93375
utility_argmax,50,"[0.5, 0.5, 0.0]",stage1_pref_000_ckpt_191,-243.11036682128906,False,False,-9.680063247680664,-106.2420654296875,-30.91400146484375,10.180063247680664,0.5,0.986
strict_lexi,50,"[0.5, 0.5, 0.0]",stage1_pref_000_ckpt_096,-287.2814025878906,False,False,-5.656749725341797,-117.2723617553711,-25.572500228881836,6.156749725341797,0.725,0.93375
risk_adjusted_utility,50,"[0.5, 0.5, 0.0]",stage1_pref_000_ckpt_096,-287.2814025878906,False,False,-5.656749725341797,-117.2723617553711,-25.572500228881836,6.156749725341797,0.725,0.93375
utility_argmax,51,"[0.6, 0.0, 0.4]",stage1_pref_000_ckpt_191,-243.6482696533203,False,False,-9.680063247680664,-106.2420654296875,-30.91400146484375,10.180063247680664,0.5,0.986
strict_lexi,51,"[0.6, 0.0, 0.4]",stage1_pref_000_ckpt_096,-284.33441162109375,False,False,-5.656749725341797,-117.2723617553711,-25.572500228881836,6.156749725341797,0.725,0.93375
risk_adjusted_utility,51,"[0.6, 0.0, 0.4]",stage1_pref_000_ckpt_096,-284.33441162109375,False,False,-5.656749725341797,-117.2723617553711,-25.572500228881836,6.156749725341797,0.725,0.93375
utility_argmax,52,"[0.6, 0.1, 0.3]",stage1_pref_000_ckpt_191,-250.63046264648438,False,False,-9.680063247680664,-106.2420654296875,-30.91400146484375,10.180063247680664,0.5,0.986
strict_lexi,52,"[0.6, 0.1, 0.3]",stage1_pref_000_ckpt_096,-293.566162109375,False,False,-5.656749725341797,-117.2723617553711,-25.572500228881836,6.156749725341797,0.725,0.93375
risk_adjusted_utility,52,"[0.6, 0.1, 0.3]",stage1_pref_000_ckpt_096,-293.566162109375,False,False,-5.656749725341797,-117.2723617553711,-25.572500228881836,6.156749725341797,0.725,0.93375
utility_argmax,53,"[0.6, 0.2, 0.2]",stage1_pref_000_ckpt_191,-257.6126708984375,False,False,-9.680063247680664,-106.2420654296875,-30.91400146484375,10.180063247680664,0.5,0.986
strict_lexi,53,"[0.6, 0.2, 0.2]",stage1_pref_000_ckpt_096,-302.79791259765625,False,False,-5.656749725341797,-117.2723617553711,-25.572500228881836,6.156749725341797,0.725,0.93375
risk_adjusted_utility,53,"[0.6, 0.2, 0.2]",stage1_pref_000_ckpt_096,-302.79791259765625,False,False,-5.656749725341797,-117.2723617553711,-25.572500228881836,6.156749725341797,0.725,0.93375
utility_argmax,54,"[0.6, 0.3, 0.1]",stage1_pref_000_ckpt_191,-264.5948486328125,False,False,-9.680063247680664,-106.2420654296875,-30.91400146484375,10.180063247680664,0.5,0.986
strict_lexi,54,"[0.6, 0.3, 0.1]",stage1_pref_000_ckpt_096,-312.0296325683594,False,False,-5.656749725341797,-117.2723617553711,-25.572500228881836,6.156749725341797,0.725,0.93375
risk_adjusted_utility,54,"[0.6, 0.3, 0.1]",stage1_pref_000_ckpt_096,-312.0296325683594,False,False,-5.656749725341797,-117.2723617553711,-25.572500228881836,6.156749725341797,0.725,0.93375
utility_argmax,55,"[0.6, 0.4, 0.0]",stage1_pref_000_ckpt_191,-271.5770568847656,False,False,-9.680063247680664,-106.2420654296875,-30.91400146484375,10.180063247680664,0.5,0.986
strict_lexi,55,"[0.6, 0.4, 0.0]",stage1_pref_000_ckpt_096,-321.2613830566406,False,False,-5.656749725341797,-117.2723617553711,-25.572500228881836,6.156749725341797,0.725,0.93375
risk_adjusted_utility,55,"[0.6, 0.4, 0.0]",stage1_pref_000_ckpt_096,-321.2613830566406,False,False,-5.656749725341797,-117.2723617553711,-25.572500228881836,6.156749725341797,0.725,0.93375
utility_argmax,56,"[0.7, 0.0, 0.3]",stage1_pref_000_ckpt_191,-279.0971374511719,False,False,-9.680063247680664,-106.2420654296875,-30.91400146484375,10.180063247680664,0.5,0.986
strict_lexi,56,"[0.7, 0.0, 0.3]",stage1_pref_000_ckpt_096,-327.5461120605469,False,False,-5.656749725341797,-117.2723617553711,-25.572500228881836,6.156749725341797,0.725,0.93375
risk_adjusted_utility,56,"[0.7, 0.0, 0.3]",stage1_pref_000_ckpt_096,-327.5461120605469,False,False,-5.656749725341797,-117.2723617553711,-25.572500228881836,6.156749725341797,0.725,0.93375
utility_argmax,57,"[0.7, 0.1, 0.2]",stage1_pref_000_ckpt_191,-286.079345703125,False,False,-9.680063247680664,-106.2420654296875,-30.91400146484375,10.180063247680664,0.5,0.986
strict_lexi,57,"[0.7, 0.1, 0.2]",stage1_pref_000_ckpt_096,-336.7778625488281,False,False,-5.656749725341797,-117.2723617553711,-25.572500228881836,6.156749725341797,0.725,0.93375
risk_adjusted_utility,57,"[0.7, 0.1, 0.2]",stage1_pref_000_ckpt_096,-336.7778625488281,False,False,-5.656749725341797,-117.2723617553711,-25.572500228881836,6.156749725341797,0.725,0.93375
utility_argmax,58,"[0.7, 0.2, 0.1]",stage1_pref_000_ckpt_191,-293.0615234375,False,False,-9.680063247680664,-106.2420654296875,-30.91400146484375,10.180063247680664,0.5,0.986
strict_lexi,58,"[0.7, 0.2, 0.1]",stage1_pref_000_ckpt_096,-346.00958251953125,False,False,-5.656749725341797,-117.2723617553711,-25.572500228881836,6.156749725341797,0.725,0.93375
risk_adjusted_utility,58,"[0.7, 0.2, 0.1]",stage1_pref_000_ckpt_096,-346.00958251953125,False,False,-5.656749725341797,-117.2723617553711,-25.572500228881836,6.156749725341797,0.725,0.93375
utility_argmax,59,"[0.7, 0.3, 0.0]",stage1_pref_000_ckpt_191,-300.0437316894531,False,False,-9.680063247680664,-106.2420654296875,-30.91400146484375,10.180063247680664,0.5,0.986
strict_lexi,59,"[0.7, 0.3, 0.0]",stage1_pref_000_ckpt_096,-355.2413330078125,False,False,-5.656749725341797,-117.2723617553711,-25.572500228881836,6.156749725341797,0.725,0.93375
risk_adjusted_utility,59,"[0.7, 0.3, 0.0]",stage1_pref_000_ckpt_096,-355.2413330078125,False,False,-5.656749725341797,-117.2723617553711,-25.572500228881836,6.156749725341797,0.725,0.93375
utility_argmax,60,"[0.8, 0.0, 0.2]",stage1_pref_000_ckpt_191,-314.5460205078125,False,False,-9.680063247680664,-106.2420654296875,-30.91400146484375,10.180063247680664,0.5,0.986
strict_lexi,60,"[0.8, 0.0, 0.2]",stage1_pref_000_ckpt_096,-370.7578430175781,False,False,-5.656749725341797,-117.2723617553711,-25.572500228881836,6.156749725341797,0.725,0.93375
risk_adjusted_utility,60,"[0.8, 0.0, 0.2]",stage1_pref_000_ckpt_096,-370.7578430175781,False,False,-5.656749725341797,-117.2723617553711,-25.572500228881836,6.156749725341797,0.725,0.93375
utility_argmax,61,"[0.8, 0.1, 0.1]",stage1_pref_000_ckpt_191,-321.5281982421875,False,False,-9.680063247680664,-106.2420654296875,-30.91400146484375,10.180063247680664,0.5,0.986
strict_lexi,61,"[0.8, 0.1, 0.1]",stage1_pref_000_ckpt_096,-379.98956298828125,False,False,-5.656749725341797,-117.2723617553711,-25.572500228881836,6.156749725341797,0.725,0.93375
risk_adjusted_utility,61,"[0.8, 0.1, 0.1]",stage1_pref_000_ckpt_096,-379.98956298828125,False,False,-5.656749725341797,-117.2723617553711,-25.572500228881836,6.156749725341797,0.725,0.93375
utility_argmax,62,"[0.8, 0.2, 0.0]",stage1_pref_000_ckpt_191,-328.5104064941406,False,False,-9.680063247680664,-106.2420654296875,-30.91400146484375,10.180063247680664,0.5,0.986
strict_lexi,62,"[0.8, 0.2, 0.0]",stage1_pref_000_ckpt_096,-389.2213134765625,False,False,-5.656749725341797,-117.2723617553711,-25.572500228881836,6.156749725341797,0.725,0.93375
risk_adjusted_utility,62,"[0.8, 0.2, 0.0]",stage1_pref_000_ckpt_096,-389.2213134765625,False,False,-5.656749725341797,-117.2723617553711,-25.572500228881836,6.156749725341797,0.725,0.93375
utility_argmax,63,"[0.9, 0.0, 0.1]",stage1_pref_000_ckpt_191,-349.994873046875,False,False,-9.680063247680664,-106.2420654296875,-30.91400146484375,10.180063247680664,0.5,0.986
strict_lexi,63,"[0.9, 0.0, 0.1]",stage1_pref_000_ckpt_096,-413.9695129394531,False,False,-5.656749725341797,-117.2723617553711,-25.572500228881836,6.156749725341797,0.725,0.93375
risk_adjusted_utility,63,"[0.9, 0.0, 0.1]",stage1_pref_000_ckpt_096,-413.9695129394531,False,False,-5.656749725341797,-117.2723617553711,-25.572500228881836,6.156749725341797,0.725,0.93375
utility_argmax,64,"[0.9, 0.1, 0.0]",stage1_pref_000_ckpt_191,-356.9770812988281,False,False,-9.680063247680664,-106.2420654296875,-30.91400146484375,10.180063247680664,0.5,0.986
strict_lexi,64,"[0.9, 0.1, 0.0]",stage1_pref_000_ckpt_096,-423.2012634277344,False,False,-5.656749725341797,-117.2723617553711,-25.572500228881836,6.156749725341797,0.725,0.93375
risk_adjusted_utility,64,"[0.9, 0.1, 0.0]",stage1_pref_000_ckpt_096,-423.2012634277344,False,False,-5.656749725341797,-117.2723617553711,-25.572500228881836,6.156749725341797,0.725,0.93375
utility_argmax,65,"[1.0, 0.0, 0.0]",stage1_pref_000_ckpt_191,-385.4437561035156,False,False,-9.680063247680664,-106.2420654296875,-30.91400146484375,10.180063247680664,0.5,0.986
strict_lexi,65,"[1.0, 0.0, 0.0]",stage1_pref_000_ckpt_096,-457.1812438964844,False,False,-5.656749725341797,-117.2723617553711,-25.572500228881836,6.156749725341797,0.725,0.93375
risk_adjusted_utility,65,"[1.0, 0.0, 0.0]",stage1_pref_000_ckpt_096,-457.1812438964844,False,False,-5.656749725341797,-117.2723617553711,-25.572500228881836,6.156749725341797,0.725,0.93375
