method_name,seed,policy_id,candidate_label,episode_id,env_idx,env_seed,security_return,business_return,cost_return,critical_host_safety_return,business_violation_flag,cost_violation_flag,env_run_feasible_flag,enterprise_foothold_step,first_critical_hit_step,ever_critical_breach,final_critical_breach,critical_dwell_steps,op_server0_impact_count,max_compromised_host_count,blue_first_relevant_response_step,response_delay_after_enterprise,response_delay_after_critical,no_post_critical_response,risk_tier
ours_stage2_fair_critical_safe_v2_1_4obj,7,stage2_ext_006_obj_1,critical_safe_balanced_selected,episode_000,0,7,-432.5499838888645,-85.19749996066093,-22.010000318288803,-0.5694257346913218,False,True,False,5,96,True,True,4,2,4,6,1,1,False,Tier 3 Persistent Critical Breach
ours_stage2_fair_critical_safe_v2_1_4obj,7,stage2_ext_006_obj_1,critical_safe_balanced_selected,episode_000,1,1007,-1133.2499966025352,-120.62999823689461,-21.65000030770898,-0.8744158232584596,False,False,True,5,28,True,True,72,70,5,6,1,1,False,Tier 3 Persistent Critical Breach
ours_stage2_fair_critical_safe_v2_1_4obj,7,stage2_ext_006_obj_1,critical_safe_balanced_selected,episode_000,2,2007,-1005.5000008642673,-109.17250015214086,-23.250000327825546,-0.8250792031176388,False,True,False,5,39,True,True,61,59,5,7,2,3,False,Tier 3 Persistent Critical Breach
ours_stage2_fair_critical_safe_v2_1_4obj,7,stage2_ext_006_obj_1,critical_safe_balanced_selected,episode_000,3,3007,-1227.2500094473362,-119.4099999666214,-23.430000334978104,-0.9372079204767942,False,True,False,5,14,True,True,86,84,4,6,1,2,False,Tier 3 Persistent Critical Breach
ours_stage2_fair_critical_safe_v2_1_4obj,7,stage2_ext_006_obj_1,critical_safe_balanced_selected,episode_000,4,4007,-619.14998665452,-96.07500046119094,-22.030000314116478,-0.6411881102249026,False,True,False,5,80,True,True,20,18,5,7,2,1,False,Tier 3 Persistent Critical Breach
ours_stage2_fair_critical_safe_v2_1_4obj,7,stage2_ext_006_obj_1,critical_safe_balanced_selected,episode_000,5,5007,-980.5499948859215,-113.22249957174063,-22.550000324845314,-0.8205940639600158,False,True,False,5,40,True,True,60,58,5,6,1,1,False,Tier 3 Persistent Critical Breach
ours_stage2_fair_critical_safe_v2_1_4obj,7,stage2_ext_006_obj_1,critical_safe_balanced_selected,episode_000,6,6007,-330.1999976038933,-106.46499988436699,-23.730000346899033,-0.8923564394935966,False,True,False,5,24,True,True,76,74,4,7,2,1,False,Tier 3 Persistent Critical Breach
ours_stage2_fair_critical_safe_v2_1_4obj,7,stage2_ext_006_obj_1,critical_safe_balanced_selected,episode_000,7,7007,-1299.5500192046165,-152.22249859198928,-20.98000030219555,-0.8833861313760281,True,False,False,5,26,True,True,74,72,5,6,1,1,False,Tier 3 Persistent Critical Breach
ours_stage2_fair_critical_safe_v2_1_4obj,7,stage2_ext_006_obj_1,critical_safe_balanced_selected,episode_001,0,8,-338.1500001549721,-64.87250000983477,-23.580000340938568,-0.47650496289134026,False,True,False,5,34,True,False,9,8,4,7,2,2,False,Tier 2 Transient Critical Breach
ours_stage2_fair_critical_safe_v2_1_4obj,7,stage2_ext_006_obj_1,critical_safe_balanced_selected,episode_001,1,1008,-494.79999536275864,-131.6349997483194,-21.960000321269035,-0.8744158232584596,True,False,False,5,28,True,True,72,70,5,6,1,2,False,Tier 3 Persistent Critical Breach
ours_stage2_fair_critical_safe_v2_1_4obj,7,stage2_ext_006_obj_1,critical_safe_balanced_selected,episode_001,2,2008,-869.3000031411648,-103.30999984964728,-21.960000321269035,-0.7802277221344411,False,False,True,14,49,True,True,51,49,5,16,2,1,False,Tier 3 Persistent Critical Breach
ours_stage2_fair_critical_safe_v2_1_4obj,7,stage2_ext_006_obj_1,critical_safe_balanced_selected,episode_001,3,3008,-1191.10001039505,-115.02250036969781,-22.850000336766243,-0.9282376123592257,False,True,False,9,16,True,True,84,82,5,10,1,1,False,Tier 3 Persistent Critical Breach
ours_stage2_fair_critical_safe_v2_1_4obj,7,stage2_ext_006_obj_1,critical_safe_balanced_selected,episode_001,4,4008,-1198.2499980330467,-125.2175006493926,-22.31000031530857,-0.8833861313760281,True,True,False,5,26,True,True,74,72,5,7,2,2,False,Tier 3 Persistent Critical Breach
ours_stage2_fair_critical_safe_v2_1_4obj,7,stage2_ext_006_obj_1,critical_safe_balanced_selected,episode_001,5,5008,-345.749990016222,-72.5474999807775,-23.7800003439188,0.0,False,True,False,5,,False,False,0,0,4,8,3,,False,Tier 1 Near-Miss
ours_stage2_fair_critical_safe_v2_1_4obj,7,stage2_ext_006_obj_1,critical_safe_balanced_selected,episode_001,6,6008,-628.4500004649162,-137.565000154078,-23.900000348687172,-1.3403168194927275,True,True,False,5,16,True,True,74,71,5,6,1,1,False,Tier 3 Persistent Critical Breach
ours_stage2_fair_critical_safe_v2_1_4obj,7,stage2_ext_006_obj_1,critical_safe_balanced_selected,episode_001,7,7008,-871.499990850687,-109.21750059351325,-22.080000326037407,-0.748831688426435,False,True,False,5,56,True,True,44,42,4,7,2,1,False,Tier 3 Persistent Critical Breach
ours_stage2_fair_critical_safe_v2_1_4obj,7,stage2_ext_006_obj_1,critical_safe_balanced_selected,episode_002,0,9,-1138.0000030100346,-114.98999989032745,-21.790000304579735,-0.9102970259264112,False,False,True,5,20,True,True,80,78,4,7,2,2,False,Tier 3 Persistent Critical Breach
ours_stage2_fair_critical_safe_v2_1_4obj,7,stage2_ext_006_obj_1,critical_safe_balanced_selected,episode_002,1,1009,-900.5499948859215,-115.07999984547496,-22.980000320822,-0.748831688426435,False,True,False,5,56,True,True,44,42,5,6,1,2,False,Tier 3 Persistent Critical Breach
ours_stage2_fair_critical_safe_v2_1_4obj,7,stage2_ext_006_obj_1,critical_safe_balanced_selected,episode_002,2,2009,-1236.0499972701073,-128.56500004976988,-22.720000330358744,-0.9013267178088427,True,True,False,5,22,True,True,78,76,4,9,4,2,False,Tier 3 Persistent Critical Breach
ours_stage2_fair_critical_safe_v2_1_4obj,7,stage2_ext_006_obj_1,critical_safe_balanced_selected,episode_002,3,3009,-841.7500020861626,-97.56249983981252,-21.81000031530857,-0.7847128612920642,False,False,True,5,48,True,True,52,50,4,8,3,1,False,Tier 3 Persistent Critical Breach
ours_stage2_fair_critical_safe_v2_1_4obj,7,stage2_ext_006_obj_1,critical_safe_balanced_selected,episode_002,4,4009,-1212.9499968886375,-127.05750026553869,-22.31000031530857,-0.8923564394935966,True,True,False,5,24,True,True,76,74,4,8,3,3,False,Tier 3 Persistent Critical Breach
ours_stage2_fair_critical_safe_v2_1_4obj,7,stage2_ext_006_obj_1,critical_safe_balanced_selected,episode_002,5,5009,-1351.200001180172,-135.95750015228987,-21.250000298023224,-0.9461782285943627,True,False,False,5,12,True,True,88,86,5,6,1,2,False,Tier 3 Persistent Critical Breach
ours_stage2_fair_critical_safe_v2_1_4obj,7,stage2_ext_006_obj_1,critical_safe_balanced_selected,episode_002,6,6009,-505.99999728798866,-79.06999998912215,-21.930000320076942,-0.6411881102249026,False,False,True,5,80,True,True,20,18,4,9,4,1,False,Tier 3 Persistent Critical Breach
ours_stage2_fair_critical_safe_v2_1_4obj,7,stage2_ext_006_obj_1,critical_safe_balanced_selected,episode_002,7,7009,-405.19998306035995,-79.74250007048249,-21.47000029683113,0.0,False,False,True,5,,False,False,0,0,4,9,4,,False,Tier 1 Near-Miss
ours_stage2_fair_critical_safe_v2_1_4obj,7,stage2_ext_006_obj_1,critical_safe_balanced_selected,episode_003,0,10,-328.9999917149544,-69.30749992281199,-22.410000324249268,0.0,False,True,False,5,,False,False,0,0,4,8,3,,False,Tier 1 Near-Miss
ours_stage2_fair_critical_safe_v2_1_4obj,7,stage2_ext_006_obj_1,critical_safe_balanced_selected,episode_003,1,1010,-310.29999297857285,-66.4050000011921,-22.640000328421593,0.0,False,True,False,5,,False,False,0,0,4,6,1,,False,Tier 1 Near-Miss
ours_stage2_fair_critical_safe_v2_1_4obj,7,stage2_ext_006_obj_1,critical_safe_balanced_selected,episode_003,2,2010,-979.6999939978123,-115.45499993488193,-22.050000298768282,-0.6025940696708858,False,True,False,5,40,True,False,54,53,5,8,3,1,False,Tier 2 Transient Critical Breach
ours_stage2_fair_critical_safe_v2_1_4obj,7,stage2_ext_006_obj_1,critical_safe_balanced_selected,episode_003,3,3010,-1341.050005376339,-140.47499986737967,-22.49000032246113,-0.9282376123592257,True,True,False,5,16,True,True,84,82,5,13,8,2,False,Tier 3 Persistent Critical Breach
ours_stage2_fair_critical_safe_v2_1_4obj,7,stage2_ext_006_obj_1,critical_safe_balanced_selected,episode_003,4,4010,-1119.1999963521957,-120.55000033974648,-22.6100003272295,-0.856475236825645,False,True,False,5,32,True,True,68,66,4,6,1,3,False,Tier 3 Persistent Critical Breach
ours_stage2_fair_critical_safe_v2_1_4obj,7,stage2_ext_006_obj_1,critical_safe_balanced_selected,episode_003,5,5010,-786.2999982237816,-106.40249946340919,-22.210000321269035,-0.7219207938760519,False,True,False,5,62,True,True,38,36,4,6,1,2,False,Tier 3 Persistent Critical Breach
ours_stage2_fair_critical_safe_v2_1_4obj,7,stage2_ext_006_obj_1,critical_safe_balanced_selected,episode_003,6,6010,-1229.5000151991844,-124.5150002501905,-22.49000032246113,-0.9282376123592257,False,True,False,5,16,True,True,84,82,5,7,2,2,False,Tier 3 Persistent Critical Breach
ours_stage2_fair_critical_safe_v2_1_4obj,7,stage2_ext_006_obj_1,critical_safe_balanced_selected,episode_003,7,7010,-935.1000067293644,-100.49749984964728,-23.140000328421593,-0.8295643422752619,False,True,False,5,38,True,True,62,60,4,6,1,1,False,Tier 3 Persistent Critical Breach
ours_stage2_fair_critical_safe_v2_1_4obj,7,stage2_ext_006_obj_1,critical_safe_balanced_selected,episode_004,0,11,-533.7499889731407,-94.37499954923987,-24.300000354647636,-0.4260693183168769,False,True,False,5,72,True,False,11,10,5,7,2,2,False,Tier 2 Transient Critical Breach
ours_stage2_fair_critical_safe_v2_1_4obj,7,stage2_ext_006_obj_1,critical_safe_balanced_selected,episode_004,1,1011,-788.8000079989433,-88.4750002771616,-23.220000326633453,-0.5846831751987338,False,True,False,9,46,True,False,51,50,4,10,1,1,False,Tier 2 Transient Critical Breach
ours_stage2_fair_critical_safe_v2_1_4obj,7,stage2_ext_006_obj_1,critical_safe_balanced_selected,episode_004,2,2011,-898.2999929785728,-109.93250003829598,-22.57000032067299,-0.7578019667416811,False,True,False,5,54,True,True,46,44,5,6,1,4,False,Tier 3 Persistent Critical Breach
ours_stage2_fair_critical_safe_v2_1_4obj,7,stage2_ext_006_obj_1,critical_safe_balanced_selected,episode_004,3,3011,-1228.6000160574913,-117.47250043973327,-23.270000342279673,-0.9461782285943627,False,True,False,5,12,True,True,88,86,5,7,2,1,False,Tier 3 Persistent Critical Breach
ours_stage2_fair_critical_safe_v2_1_4obj,7,stage2_ext_006_obj_1,critical_safe_balanced_selected,episode_004,4,4011,-328.2999911904335,-68.42250011488795,-22.340000316500664,0.0,False,True,False,5,,False,False,0,0,4,7,2,,False,Tier 1 Near-Miss
ours_stage2_fair_critical_safe_v2_1_4obj,7,stage2_ext_006_obj_1,critical_safe_balanced_selected,episode_004,5,5011,-288.64999586343765,-62.854999762028456,-23.86000034213066,0.0,False,True,False,5,,False,False,0,0,4,6,1,,False,Tier 1 Near-Miss
ours_stage2_fair_critical_safe_v2_1_4obj,7,stage2_ext_006_obj_1,critical_safe_balanced_selected,episode_004,6,6011,-828.0500029921532,-97.68749947473407,-22.48000033199787,-0.7847128612920642,False,True,False,5,48,True,True,52,50,4,8,3,1,False,Tier 3 Persistent Critical Breach
ours_stage2_fair_critical_safe_v2_1_4obj,7,stage2_ext_006_obj_1,critical_safe_balanced_selected,episode_004,7,7011,-1050.6500005126,-124.33999951928854,-22.18000030517578,-0.8116237558424473,False,True,False,5,42,True,True,58,56,5,7,2,2,False,Tier 3 Persistent Critical Breach
ours_stage2_fair_critical_safe_v2_1_4obj,7,stage2_ext_006_obj_1,critical_safe_balanced_selected,episode_005,0,12,-1007.9499939978123,-115.34999999031425,-23.03000032901764,-0.653178233653307,False,True,False,5,12,True,False,57,56,5,9,4,1,False,Tier 2 Transient Critical Breach
ours_stage2_fair_critical_safe_v2_1_4obj,7,stage2_ext_006_obj_1,critical_safe_balanced_selected,episode_005,1,1012,-1340.3999990820885,-134.0549997985363,-21.98000031709671,-0.9461782285943627,True,False,False,5,12,True,True,88,86,4,6,1,1,False,Tier 3 Persistent Critical Breach
ours_stage2_fair_critical_safe_v2_1_4obj,7,stage2_ext_006_obj_1,critical_safe_balanced_selected,episode_005,2,2012,-1079.6999975442886,-119.36999866366386,-22.11000031605363,-0.8475049585103989,False,True,False,5,34,True,True,66,64,4,8,3,4,False,Tier 3 Persistent Critical Breach
ours_stage2_fair_critical_safe_v2_1_4obj,7,stage2_ext_006_obj_1,critical_safe_balanced_selected,episode_005,3,3012,-274.44999673962593,-61.30000000819564,-23.260000333189964,0.0,False,True,False,5,,False,False,0,0,4,7,2,,False,Tier 1 Near-Miss
ours_stage2_fair_critical_safe_v2_1_4obj,7,stage2_ext_006_obj_1,critical_safe_balanced_selected,episode_005,4,4012,-1349.0999993681908,-134.39000054821372,-22.880000337958336,-0.9461782285943627,True,True,False,5,12,True,True,88,86,5,6,1,1,False,Tier 3 Persistent Critical Breach
ours_stage2_fair_critical_safe_v2_1_4obj,7,stage2_ext_006_obj_1,critical_safe_balanced_selected,episode_005,5,5012,-781.7999948859215,-108.15499963611364,-22.430000320076942,-0.7039802074432373,False,True,False,5,66,True,True,34,32,5,6,1,8,False,Tier 3 Persistent Critical Breach
ours_stage2_fair_critical_safe_v2_1_4obj,7,stage2_ext_006_obj_1,critical_safe_balanced_selected,episode_005,6,6012,-1284.6000065207481,-130.8000002130866,-23.900000348687172,-0.9282376123592257,True,True,False,5,16,True,True,84,82,5,6,1,1,False,Tier 3 Persistent Critical Breach
ours_stage2_fair_critical_safe_v2_1_4obj,7,stage2_ext_006_obj_1,critical_safe_balanced_selected,episode_005,7,7012,-1381.2500061392784,-142.54999959468842,-22.260000318288803,-0.9461782285943627,True,True,False,5,12,True,True,88,86,5,8,3,1,False,Tier 3 Persistent Critical Breach
ours_stage2_fair_critical_safe_v2_1_4obj,7,stage2_ext_006_obj_1,critical_safe_balanced_selected,episode_006,0,13,-258.9499971270561,-58.577499996870756,-23.060000330209732,0.0,False,True,False,5,,False,False,0,0,4,6,1,,False,Tier 1 Near-Miss
ours_stage2_fair_critical_safe_v2_1_4obj,7,stage2_ext_006_obj_1,critical_safe_balanced_selected,episode_006,1,1013,-1036.549997717142,-123.10000002384186,-22.880000326782465,-0.8026534477248788,False,True,False,5,44,True,True,56,54,5,6,1,6,False,Tier 3 Persistent Critical Breach
ours_stage2_fair_critical_safe_v2_1_4obj,7,stage2_ext_006_obj_1,critical_safe_balanced_selected,episode_006,2,2013,-1310.5500187277794,-136.069999050349,-22.850000325590372,-0.9461782285943627,True,True,False,5,12,True,True,88,86,5,6,1,1,False,Tier 3 Persistent Critical Breach
ours_stage2_fair_critical_safe_v2_1_4obj,7,stage2_ext_006_obj_1,critical_safe_balanced_selected,episode_006,3,3013,-1001.7999939322472,-116.10250014066696,-22.06000031530857,-0.8026534477248788,False,True,False,5,44,True,True,56,54,5,9,4,1,False,Tier 3 Persistent Critical Breach
ours_stage2_fair_critical_safe_v2_1_4obj,7,stage2_ext_006_obj_1,critical_safe_balanced_selected,episode_006,4,4013,-622.500003516674,-84.70499957352877,-23.520000342279673,-0.7039802074432373,False,True,False,5,66,True,True,34,32,4,6,1,2,False,Tier 3 Persistent Critical Breach
ours_stage2_fair_critical_safe_v2_1_4obj,7,stage2_ext_006_obj_1,critical_safe_balanced_selected,episode_006,5,5013,-1166.2500090003014,-115.70999991893768,-21.600000321865082,-0.9282376123592257,False,False,True,5,16,True,True,84,82,4,8,3,2,False,Tier 3 Persistent Critical Breach
ours_stage2_fair_critical_safe_v2_1_4obj,7,stage2_ext_006_obj_1,critical_safe_balanced_selected,episode_006,6,6013,-1293.4500068724155,-127.53000018000603,-23.060000330209732,-0.9461782285943627,True,True,False,5,12,True,True,88,86,5,7,2,1,False,Tier 3 Persistent Critical Breach
ours_stage2_fair_critical_safe_v2_1_4obj,7,stage2_ext_006_obj_1,critical_safe_balanced_selected,episode_006,7,7013,-979.8499936461449,-115.70750032737851,-22.010000318288803,-0.7936831694096327,False,True,False,5,46,True,True,54,52,5,6,1,2,False,Tier 3 Persistent Critical Breach
ours_stage2_fair_critical_safe_v2_1_4obj,7,stage2_ext_006_obj_1,critical_safe_balanced_selected,episode_007,0,14,-1195.850013166666,-117.46499985456467,-22.420000299811363,-0.9282376123592257,False,True,False,5,16,True,True,84,82,5,10,5,1,False,Tier 3 Persistent Critical Breach
ours_stage2_fair_critical_safe_v2_1_4obj,7,stage2_ext_006_obj_1,critical_safe_balanced_selected,episode_007,1,1014,-1186.6000117659569,-114.67750051245093,-23.180000334978104,-0.9282376123592257,False,True,False,5,16,True,True,84,82,5,7,2,1,False,Tier 3 Persistent Critical Breach
ours_stage2_fair_critical_safe_v2_1_4obj,7,stage2_ext_006_obj_1,critical_safe_balanced_selected,episode_007,2,2014,-335.2499926686287,-80.68000023066998,-23.800000354647636,-0.6501584183424711,False,True,False,5,78,True,True,22,20,4,8,3,1,False,Tier 3 Persistent Critical Breach
ours_stage2_fair_critical_safe_v2_1_4obj,7,stage2_ext_006_obj_1,critical_safe_balanced_selected,episode_007,3,3014,-402.7999834418297,-80.52999993786216,-23.010000333189964,0.0,False,True,False,5,,False,False,0,0,4,7,2,,False,Tier 1 Near-Miss
ours_stage2_fair_critical_safe_v2_1_4obj,7,stage2_ext_006_obj_1,critical_safe_balanced_selected,episode_007,4,4014,-989.3999938368797,-117.67750045284629,-23.210000336170197,-0.7936831694096327,False,True,False,5,46,True,True,54,52,5,6,1,1,False,Tier 3 Persistent Critical Breach
ours_stage2_fair_critical_safe_v2_1_4obj,7,stage2_ext_006_obj_1,critical_safe_balanced_selected,episode_007,5,5014,-1174.7500069141388,-116.1700002104044,-21.790000304579735,-0.9147821650840342,False,False,True,12,19,True,True,81,79,5,13,1,2,False,Tier 3 Persistent Critical Breach
ours_stage2_fair_critical_safe_v2_1_4obj,7,stage2_ext_006_obj_1,critical_safe_balanced_selected,episode_007,6,6014,-1269.0500077307224,-123.35000003874302,-23.1100003272295,-0.9461782285943627,False,True,False,5,12,True,True,88,86,4,7,2,3,False,Tier 3 Persistent Critical Breach
ours_stage2_fair_critical_safe_v2_1_4obj,7,stage2_ext_006_obj_1,critical_safe_balanced_selected,episode_007,7,7014,-305.8999933823943,-67.19250001758337,-23.260000333189964,0.0,False,True,False,5,,False,False,0,0,4,6,1,,False,Tier 1 Near-Miss
ours_stage2_fair_critical_safe_v2_1_4obj,7,stage2_ext_006_obj_1,critical_safe_balanced_selected,episode_008,0,15,-411.8999828696251,-82.62000006437302,-22.330000326037407,0.0,False,True,False,5,,False,False,0,0,4,6,1,,False,Tier 1 Near-Miss
ours_stage2_fair_critical_safe_v2_1_4obj,7,stage2_ext_006_obj_1,critical_safe_balanced_selected,episode_008,1,1015,-1215.6500028967857,-125.0524993352592,-22.11000031232834,-0.9102970259264112,True,True,False,5,20,True,True,80,78,5,6,1,1,False,Tier 3 Persistent Critical Breach
ours_stage2_fair_critical_safe_v2_1_4obj,7,stage2_ext_006_obj_1,critical_safe_balanced_selected,episode_008,2,2015,-827.1499961018562,-100.68999945372343,-21.530000314116478,-0.7757425829768181,False,False,True,5,50,True,True,50,48,4,6,1,3,False,Tier 3 Persistent Critical Breach
ours_stage2_fair_critical_safe_v2_1_4obj,7,stage2_ext_006_obj_1,critical_safe_balanced_selected,episode_008,3,3015,-803.7999982237816,-107.93499989435077,-22.120000310242176,-0.7219207938760519,False,True,False,5,62,True,True,38,36,5,7,2,1,False,Tier 3 Persistent Critical Breach
ours_stage2_fair_critical_safe_v2_1_4obj,7,stage2_ext_006_obj_1,critical_safe_balanced_selected,episode_008,4,4015,-869.5999960303307,-114.34499975293875,-22.130000323057175,-0.7398613803088665,False,True,False,5,58,True,True,42,40,5,6,1,2,False,Tier 3 Persistent Critical Breach
ours_stage2_fair_critical_safe_v2_1_4obj,7,stage2_ext_006_obj_1,critical_safe_balanced_selected,episode_008,5,5015,-280.4499972462654,-60.92999999597669,-22.14000031352043,0.0,False,True,False,5,,False,False,0,0,4,6,1,,False,Tier 1 Near-Miss
ours_stage2_fair_critical_safe_v2_1_4obj,7,stage2_ext_006_obj_1,critical_safe_balanced_selected,episode_008,6,6015,-1355.5000090003014,-139.03999974951148,-23.390000328421593,-0.9461782285943627,True,True,False,5,12,True,True,88,86,5,6,1,1,False,Tier 3 Persistent Critical Breach
ours_stage2_fair_critical_safe_v2_1_4obj,7,stage2_ext_006_obj_1,critical_safe_balanced_selected,episode_008,7,7015,-1059.1499986052513,-117.16999966651201,-22.15000032261014,-0.8385346503928304,False,True,False,5,36,True,True,64,62,5,6,1,3,False,Tier 3 Persistent Critical Breach
ours_stage2_fair_critical_safe_v2_1_4obj,7,stage2_ext_006_obj_1,critical_safe_balanced_selected,episode_009,0,16,-1265.3999981284142,-132.16999962180853,-22.330000326037407,-0.9102970259264112,True,True,False,5,20,True,True,80,78,5,6,1,1,False,Tier 3 Persistent Critical Breach
ours_stage2_fair_critical_safe_v2_1_4obj,7,stage2_ext_006_obj_1,critical_safe_balanced_selected,episode_009,1,1016,-1222.6000117659569,-120.21250047907233,-23.050000339746475,-0.9372079204767942,False,True,False,5,14,True,True,86,84,5,6,1,1,False,Tier 3 Persistent Critical Breach
ours_stage2_fair_critical_safe_v2_1_4obj,7,stage2_ext_006_obj_1,critical_safe_balanced_selected,episode_009,2,2016,-667.7499908804893,-98.37999975308776,-21.840000305324793,-0.6591286966577172,False,False,True,5,76,True,True,24,22,5,8,3,3,False,Tier 3 Persistent Critical Breach
ours_stage2_fair_critical_safe_v2_1_4obj,7,stage2_ext_006_obj_1,critical_safe_balanced_selected,episode_009,3,3016,-406.3499831557274,-81.41250009089708,-22.510000318288803,0.0,False,True,False,5,,False,False,0,0,4,6,1,,False,Tier 1 Near-Miss
ours_stage2_fair_critical_safe_v2_1_4obj,7,stage2_ext_006_obj_1,critical_safe_balanced_selected,episode_009,4,4016,-1119.6500114500523,-111.08999958634377,-21.880000308156013,-0.9102970259264112,False,False,True,5,20,True,True,80,78,4,6,1,2,False,Tier 3 Persistent Critical Breach
ours_stage2_fair_critical_safe_v2_1_4obj,7,stage2_ext_006_obj_1,critical_safe_balanced_selected,episode_009,5,5016,-1027.6999978423119,-121.45750004425645,-21.500000298023224,-0.8026534477248788,False,False,True,5,44,True,True,56,54,5,7,2,1,False,Tier 3 Persistent Critical Breach
ours_stage2_fair_critical_safe_v2_1_4obj,7,stage2_ext_006_obj_1,critical_safe_balanced_selected,episode_009,6,6016,-1330.550000101328,-135.1799995265901,-22.290000319480896,-0.9372079204767942,True,True,False,5,14,True,True,86,84,5,6,1,3,False,Tier 3 Persistent Critical Breach
ours_stage2_fair_critical_safe_v2_1_4obj,7,stage2_ext_006_obj_1,critical_safe_balanced_selected,episode_009,7,7016,-1195.6500000357628,-130.7224998548627,-21.740000307559967,-0.8744158232584596,True,False,False,5,28,True,True,72,70,5,12,7,3,False,Tier 3 Persistent Critical Breach
ours_stage2_fair_critical_safe_v2_1_4obj,7,stage2_ext_006_obj_1,critical_safe_balanced_selected,episode_010,0,17,-1218.6499966681004,-127.2899998575449,-22.380000311881304,-0.8923564394935966,True,True,False,5,24,True,True,76,74,4,6,1,1,False,Tier 3 Persistent Critical Breach
ours_stage2_fair_critical_safe_v2_1_4obj,7,stage2_ext_006_obj_1,critical_safe_balanced_selected,episode_010,1,1017,-876.6499983668327,-102.94250001758337,-21.490000315010548,-0.7757425829768181,False,False,True,5,50,True,True,50,48,5,8,3,2,False,Tier 3 Persistent Critical Breach
ours_stage2_fair_critical_safe_v2_1_4obj,7,stage2_ext_006_obj_1,critical_safe_balanced_selected,episode_010,2,2017,-284.39999490976334,-62.64249999076128,-22.910000324249268,0.0,False,True,False,6,,False,False,0,0,4,10,4,,False,Tier 1 Near-Miss
ours_stage2_fair_critical_safe_v2_1_4obj,7,stage2_ext_006_obj_1,critical_safe_balanced_selected,episode_010,3,3017,-951.0000062584877,-101.59750020503998,-23.060000333935022,-0.8340495112352073,False,True,False,5,37,True,True,63,61,4,6,1,3,False,Tier 3 Persistent Critical Breach
ours_stage2_fair_critical_safe_v2_1_4obj,7,stage2_ext_006_obj_1,critical_safe_balanced_selected,episode_010,4,4017,-1164.5999988913536,-126.08000006899238,-23.130000326782465,-0.8744158232584596,True,True,False,5,28,True,True,72,70,5,6,1,1,False,Tier 3 Persistent Critical Breach
ours_stage2_fair_critical_safe_v2_1_4obj,7,stage2_ext_006_obj_1,critical_safe_balanced_selected,episode_010,5,5017,-1157.1000017523766,-121.10999881848693,-22.780000314116478,-0.8923564394935966,False,True,False,5,24,True,True,76,74,5,6,1,1,False,Tier 3 Persistent Critical Breach
ours_stage2_fair_critical_safe_v2_1_4obj,7,stage2_ext_006_obj_1,critical_safe_balanced_selected,episode_010,6,6017,-1218.9500158429146,-119.35249989852309,-22.98000033199787,-0.9416930596344173,False,True,False,6,13,True,True,87,85,5,7,1,1,False,Tier 3 Persistent Critical Breach
ours_stage2_fair_critical_safe_v2_1_4obj,7,stage2_ext_006_obj_1,critical_safe_balanced_selected,episode_010,7,7017,-1210.4500154852867,-114.7500006519258,-23.980000346899033,-0.9461782285943627,False,True,False,5,12,True,True,88,86,5,6,1,1,False,Tier 3 Persistent Critical Breach
ours_stage2_fair_critical_safe_v2_1_4obj,7,stage2_ext_006_obj_1,critical_safe_balanced_selected,episode_011,0,18,-585.1999963521957,-84.50500038638711,-21.73000031709671,-0.6680990047752857,False,False,True,7,74,True,True,26,24,4,8,1,1,False,Tier 3 Persistent Critical Breach
ours_stage2_fair_critical_safe_v2_1_4obj,7,stage2_ext_006_obj_1,critical_safe_balanced_selected,episode_011,1,1018,-962.8499955236912,-109.48249964416027,-22.24000032246113,-0.8205940639600158,False,True,False,5,40,True,True,60,58,4,6,1,1,False,Tier 3 Persistent Critical Breach
ours_stage2_fair_critical_safe_v2_1_4obj,7,stage2_ext_006_obj_1,critical_safe_balanced_selected,episode_011,2,2018,-1355.6500000357628,-136.32749998569489,-22.660000327974558,-0.9461782285943627,True,True,False,5,12,True,True,88,86,5,6,1,1,False,Tier 3 Persistent Critical Breach
ours_stage2_fair_critical_safe_v2_1_4obj,7,stage2_ext_006_obj_1,critical_safe_balanced_selected,episode_011,3,3018,-918.3499998450279,-128.40499990805984,-22.330000326037407,-1.2643366516567767,True,True,False,5,12,True,True,66,63,5,7,2,3,False,Tier 3 Persistent Critical Breach
ours_stage2_fair_critical_safe_v2_1_4obj,7,stage2_ext_006_obj_1,critical_safe_balanced_selected,episode_011,4,4018,-1123.9999956190586,-121.15500028431416,-23.20000033080578,-0.856475236825645,False,True,False,5,32,True,True,68,66,4,11,6,3,False,Tier 3 Persistent Critical Breach
ours_stage2_fair_critical_safe_v2_1_4obj,7,stage2_ext_006_obj_1,critical_safe_balanced_selected,episode_011,5,5018,-664.1499966979027,-113.89249970018864,-22.90000033378601,-1.1119009763933718,False,True,False,5,42,True,True,34,31,5,6,1,1,False,Tier 3 Persistent Critical Breach
ours_stage2_fair_critical_safe_v2_1_4obj,7,stage2_ext_006_obj_1,critical_safe_balanced_selected,episode_011,6,6018,-1154.1500128805637,-112.33750029653311,-22.850000336766243,-0.9192673340439796,False,True,False,5,18,True,True,82,80,5,7,2,2,False,Tier 3 Persistent Critical Breach
ours_stage2_fair_critical_safe_v2_1_4obj,7,stage2_ext_006_obj_1,critical_safe_balanced_selected,episode_011,7,7018,-574.999989926815,-92.32249967753887,-22.65000033378601,-0.6322178021073341,False,True,False,5,82,True,True,18,16,4,10,5,1,False,Tier 3 Persistent Critical Breach
ours_stage2_fair_critical_safe_v2_1_4obj,7,stage2_ext_006_obj_1,critical_safe_balanced_selected,episode_012,0,19,-543.549984395504,-92.79249986633658,-21.370000302791595,-0.6142772156745195,False,False,True,5,86,True,True,14,12,5,9,4,2,False,Tier 3 Persistent Critical Breach
ours_stage2_fair_critical_safe_v2_1_4obj,7,stage2_ext_006_obj_1,critical_safe_balanced_selected,episode_012,1,1019,-514.3000012040138,-111.18499965593219,-22.630000323057175,-1.373227743897587,False,True,False,5,12,True,True,82,79,4,6,1,1,False,Tier 3 Persistent Critical Breach
ours_stage2_fair_critical_safe_v2_1_4obj,7,stage2_ext_006_obj_1,critical_safe_balanced_selected,episode_012,2,2019,-696.7499970793724,-120.81750066578388,-22.48000031709671,-1.3718614024110138,False,True,False,5,12,True,True,86,83,4,7,2,1,False,Tier 3 Persistent Critical Breach
ours_stage2_fair_critical_safe_v2_1_4obj,7,stage2_ext_006_obj_1,critical_safe_balanced_selected,episode_012,3,3019,-368.6999873518944,-74.23000000044703,-21.39000030234456,0.0,False,False,True,5,,False,False,0,0,4,10,5,,False,Tier 1 Near-Miss
ours_stage2_fair_critical_safe_v2_1_4obj,7,stage2_ext_006_obj_1,critical_safe_balanced_selected,episode_012,4,4019,-1241.2999982237816,-129.57500010356307,-21.51000027358532,-0.9013267178088427,True,False,False,5,22,True,True,78,76,5,7,2,1,False,Tier 3 Persistent Critical Breach
ours_stage2_fair_critical_safe_v2_1_4obj,7,stage2_ext_006_obj_1,critical_safe_balanced_selected,episode_012,5,5019,-1003.600006878376,-105.66499986499548,-22.830000326037407,-0.8475049585103989,False,True,False,5,34,True,True,66,64,5,6,1,1,False,Tier 3 Persistent Critical Breach
ours_stage2_fair_critical_safe_v2_1_4obj,7,stage2_ext_006_obj_1,critical_safe_balanced_selected,episode_012,6,6019,-752.7999901175499,-100.33500019088387,-23.730000346899033,-0.7039802074432373,False,True,False,5,66,True,True,34,32,4,10,5,1,False,Tier 3 Persistent Critical Breach
ours_stage2_fair_critical_safe_v2_1_4obj,7,stage2_ext_006_obj_1,critical_safe_balanced_selected,episode_012,7,7019,-1312.5500044226646,-130.31750022619963,-22.220000311732292,-0.9461782285943627,True,True,False,5,12,True,True,88,86,5,7,2,1,False,Tier 3 Persistent Critical Breach
ours_stage2_fair_critical_safe_v2_1_4obj,7,stage2_ext_006_obj_1,critical_safe_balanced_selected,episode_013,0,20,-1267.5000085234642,-125.25499978661537,-22.890000328421593,-0.9461782285943627,True,True,False,5,12,True,True,88,86,5,6,1,1,False,Tier 3 Persistent Critical Breach
ours_stage2_fair_critical_safe_v2_1_4obj,7,stage2_ext_006_obj_1,critical_safe_balanced_selected,episode_013,1,1020,-1105.6999978423119,-124.57500054314733,-22.02000032737851,-0.8385346503928304,False,True,False,5,36,True,True,64,62,5,6,1,4,False,Tier 3 Persistent Critical Breach
ours_stage2_fair_critical_safe_v2_1_4obj,7,stage2_ext_006_obj_1,critical_safe_balanced_selected,episode_013,2,2020,-1321.4000019431114,-137.75500016659498,-22.23000031709671,-0.9282376123592257,True,True,False,5,16,True,True,84,82,5,6,1,2,False,Tier 3 Persistent Critical Breach
ours_stage2_fair_critical_safe_v2_1_4obj,7,stage2_ext_006_obj_1,critical_safe_balanced_selected,episode_013,3,3020,-439.2499971687794,-123.57999993860722,-22.52000032365322,-0.9013267178088427,False,True,False,9,22,True,True,78,76,5,10,1,3,False,Tier 3 Persistent Critical Breach
ours_stage2_fair_critical_safe_v2_1_4obj,7,stage2_ext_006_obj_1,critical_safe_balanced_selected,episode_013,4,4020,-408.19998306035995,-80.81249994784594,-22.24000032246113,0.0,False,True,False,5,,False,False,0,0,4,6,1,,False,Tier 1 Near-Miss
ours_stage2_fair_critical_safe_v2_1_4obj,7,stage2_ext_006_obj_1,critical_safe_balanced_selected,episode_013,5,5020,-299.7999938130379,-64.60500004142523,-22.53000032901764,0.0,False,True,False,5,,False,False,0,0,4,6,1,,False,Tier 1 Near-Miss
ours_stage2_fair_critical_safe_v2_1_4obj,7,stage2_ext_006_obj_1,critical_safe_balanced_selected,episode_013,6,6020,-1347.0999993681908,-135.49500039964914,-22.460000321269035,-0.9461782285943627,True,True,False,5,12,True,True,88,86,5,9,4,1,False,Tier 3 Persistent Critical Breach
ours_stage2_fair_critical_safe_v2_1_4obj,7,stage2_ext_006_obj_1,critical_safe_balanced_selected,episode_013,7,7020,-423.4499825835228,-81.4800000526011,-22.510000322014093,0.0,False,True,False,5,,False,False,0,0,4,7,2,,False,Tier 1 Near-Miss
ours_stage2_fair_critical_safe_v2_1_4obj,7,stage2_ext_006_obj_1,critical_safe_balanced_selected,episode_014,0,21,-1199.400012433529,-116.15000088885427,-23.460000336170197,-0.9282376123592257,False,True,False,5,16,True,True,84,82,5,7,2,4,False,Tier 3 Persistent Critical Breach
ours_stage2_fair_critical_safe_v2_1_4obj,7,stage2_ext_006_obj_1,critical_safe_balanced_selected,episode_014,1,1021,-1325.1000026762486,-137.4525004811585,-22.180000320076942,-0.9282376123592257,True,True,False,5,16,True,True,84,82,5,6,1,1,False,Tier 3 Persistent Critical Breach
ours_stage2_fair_critical_safe_v2_1_4obj,7,stage2_ext_006_obj_1,critical_safe_balanced_selected,episode_014,2,2021,-1274.2499985098839,-131.98500103503466,-23.730000346899033,-0.9102970259264112,True,True,False,5,20,True,True,80,78,5,9,4,1,False,Tier 3 Persistent Critical Breach
ours_stage2_fair_critical_safe_v2_1_4obj,7,stage2_ext_006_obj_1,critical_safe_balanced_selected,episode_014,3,3021,-1048.6000021994114,-119.70999951660633,-21.280000302940607,-0.8295643422752619,False,False,True,5,38,True,True,62,60,5,6,1,2,False,Tier 3 Persistent Critical Breach
ours_stage2_fair_critical_safe_v2_1_4obj,7,stage2_ext_006_obj_1,critical_safe_balanced_selected,episode_014,4,4021,-621.9499925971031,-101.24249938130379,-22.030000314116478,-0.6322178021073341,False,True,False,5,82,True,True,18,16,5,6,1,1,False,Tier 3 Persistent Critical Breach
ours_stage2_fair_critical_safe_v2_1_4obj,7,stage2_ext_006_obj_1,critical_safe_balanced_selected,episode_014,5,5021,-1083.7000016570091,-126.6349999718368,-21.660000309348106,-0.8205940639600158,True,False,False,5,40,True,True,60,58,5,6,1,2,False,Tier 3 Persistent Critical Breach
ours_stage2_fair_critical_safe_v2_1_4obj,7,stage2_ext_006_obj_1,critical_safe_balanced_selected,episode_014,6,6021,-1177.700007379055,-119.33749981597066,-22.760000318288803,-0.9102970259264112,False,True,False,5,20,True,True,80,78,5,6,1,1,False,Tier 3 Persistent Critical Breach
ours_stage2_fair_critical_safe_v2_1_4obj,7,stage2_ext_006_obj_1,critical_safe_balanced_selected,episode_014,7,7021,-1301.1000017523766,-132.0675008893013,-21.9400003105402,-0.9282376123592257,True,False,False,5,16,True,True,84,82,5,6,1,1,False,Tier 3 Persistent Critical Breach
ours_stage2_fair_critical_safe_v2_1_4obj,7,stage2_ext_006_obj_1,critical_safe_balanced_selected,episode_015,0,22,-418.4499825537205,-84.23749980330467,-21.98000031709671,0.0,False,False,True,5,,False,False,0,0,4,7,2,,False,Tier 1 Near-Miss
ours_stage2_fair_critical_safe_v2_1_4obj,7,stage2_ext_006_obj_1,critical_safe_balanced_selected,episode_015,1,1022,-1228.7000030875206,-128.22499983757734,-22.100000321865082,-0.9102970259264112,True,True,False,5,20,True,True,80,78,5,6,1,1,False,Tier 3 Persistent Critical Breach
ours_stage2_fair_critical_safe_v2_1_4obj,7,stage2_ext_006_obj_1,critical_safe_balanced_selected,episode_015,2,2022,-1043.2999939024448,-116.64750047773123,-22.850000336766243,-0.8205940639600158,False,True,False,5,40,True,True,60,58,4,6,1,4,False,Tier 3 Persistent Critical Breach
ours_stage2_fair_critical_safe_v2_1_4obj,7,stage2_ext_006_obj_1,critical_safe_balanced_selected,episode_015,3,3022,-1303.3000020384789,-136.6424996368587,-22.670000314712524,-0.9192673340439796,True,True,False,5,18,True,True,82,80,5,6,1,2,False,Tier 3 Persistent Critical Breach
ours_stage2_fair_critical_safe_v2_1_4obj,7,stage2_ext_006_obj_1,critical_safe_balanced_selected,episode_015,4,4022,-356.54998928308487,-72.53249976783991,-22.950000315904617,0.0,False,True,False,5,,False,False,0,0,4,6,1,,False,Tier 1 Near-Miss
ours_stage2_fair_critical_safe_v2_1_4obj,7,stage2_ext_006_obj_1,critical_safe_balanced_selected,episode_015,5,5022,-285.49999564886093,-62.01500004157424,-23.330000340938568,0.0,False,True,False,5,,False,False,0,0,4,7,2,,False,Tier 1 Near-Miss
ours_stage2_fair_critical_safe_v2_1_4obj,7,stage2_ext_006_obj_1,critical_safe_balanced_selected,episode_015,6,6022,-1229.400012433529,-115.32500040531158,-23.66000033915043,-0.9461782285943627,False,True,False,5,12,True,True,88,86,4,8,3,3,False,Tier 3 Persistent Critical Breach
ours_stage2_fair_critical_safe_v2_1_4obj,7,stage2_ext_006_obj_1,critical_safe_balanced_selected,episode_015,7,7022,-272.64999812841415,-62.594999838620424,-21.90000031888485,-0.5604554265737534,False,False,True,5,98,True,True,2,0,4,6,1,,True,Tier 3 Persistent Critical Breach
ours_stage2_fair_critical_safe_v2_1_4obj,7,stage2_ext_006_obj_1,critical_safe_balanced_selected,episode_016,0,23,-963.2999939322472,-114.98250046372414,-22.510000318288803,-0.7847128612920642,False,True,False,5,48,True,True,52,50,5,6,1,3,False,Tier 3 Persistent Critical Breach
ours_stage2_fair_critical_safe_v2_1_4obj,7,stage2_ext_006_obj_1,critical_safe_balanced_selected,episode_016,1,1023,-1342.3999990522861,-134.14250014349818,-22.14000031352043,-0.9461782285943627,True,True,False,5,12,True,True,88,86,4,6,1,1,False,Tier 3 Persistent Critical Breach
ours_stage2_fair_critical_safe_v2_1_4obj,7,stage2_ext_006_obj_1,critical_safe_balanced_selected,episode_016,2,2023,-904.54999345541,-113.17750015109777,-22.030000314116478,-0.7578019667416811,False,True,False,5,54,True,True,46,44,5,6,1,3,False,Tier 3 Persistent Critical Breach
ours_stage2_fair_critical_safe_v2_1_4obj,7,stage2_ext_006_obj_1,critical_safe_balanced_selected,episode_016,3,3023,-760.1499974131584,-97.4050004184246,-21.980000320822,-0.730891072191298,False,False,True,5,60,True,True,40,38,4,7,2,1,False,Tier 3 Persistent Critical Breach
ours_stage2_fair_critical_safe_v2_1_4obj,7,stage2_ext_006_obj_1,critical_safe_balanced_selected,episode_016,4,4023,-1212.8500131964684,-122.88500021025538,-21.780000314116478,-0.9282376123592257,False,False,True,5,16,True,True,84,82,5,6,1,4,False,Tier 3 Persistent Critical Breach
ours_stage2_fair_critical_safe_v2_1_4obj,7,stage2_ext_006_obj_1,critical_safe_balanced_selected,episode_016,5,5023,-1265.9000162482262,-125.7250000052154,-22.560000330209732,-0.9461782285943627,True,True,False,5,12,True,True,88,86,5,6,1,1,False,Tier 3 Persistent Critical Breach
ours_stage2_fair_critical_safe_v2_1_4obj,7,stage2_ext_006_obj_1,critical_safe_balanced_selected,episode_016,6,6023,-1302.5999993681908,-128.60749811679125,-22.160000309348106,-0.9461782285943627,True,True,False,5,12,True,True,88,86,5,7,2,1,False,Tier 3 Persistent Critical Breach
ours_stage2_fair_critical_safe_v2_1_4obj,7,stage2_ext_006_obj_1,critical_safe_balanced_selected,episode_016,7,7023,-1348.6500000357628,-138.54499949142337,-21.43000030890107,-0.9461782285943627,True,False,False,5,12,True,True,88,86,5,7,2,2,False,Tier 3 Persistent Critical Breach
ours_stage2_fair_critical_safe_v2_1_4obj,7,stage2_ext_006_obj_1,critical_safe_balanced_selected,episode_017,0,24,-708.250003516674,-132.55249873548746,-22.06000031530857,-1.3046138579957187,True,True,False,5,22,True,True,72,69,5,6,1,3,False,Tier 3 Persistent Critical Breach
ours_stage2_fair_critical_safe_v2_1_4obj,7,stage2_ext_006_obj_1,critical_safe_balanced_selected,episode_017,1,1024,-1102.8000105917454,-111.92750005051494,-23.16000033915043,-0.8923564394935966,False,True,False,5,24,True,True,76,74,5,6,1,1,False,Tier 3 Persistent Critical Breach
ours_stage2_fair_critical_safe_v2_1_4obj,7,stage2_ext_006_obj_1,critical_safe_balanced_selected,episode_017,2,2024,-406.8999828696251,-81.43499993905425,-21.490000292658806,0.0,False,False,True,5,,False,False,0,0,4,6,1,,False,Tier 1 Near-Miss
ours_stage2_fair_critical_safe_v2_1_4obj,7,stage2_ext_006_obj_1,critical_safe_balanced_selected,episode_017,3,3024,-1119.0000023245811,-122.19250006601214,-22.40000032261014,-0.856475236825645,False,True,False,5,32,True,True,68,66,5,9,4,3,False,Tier 3 Persistent Critical Breach
ours_stage2_fair_critical_safe_v2_1_4obj,7,stage2_ext_006_obj_1,critical_safe_balanced_selected,episode_017,4,4024,-988.5499929487705,-114.1475008316338,-22.77000032365322,-0.7936831694096327,False,True,False,5,46,True,True,54,52,5,6,1,1,False,Tier 3 Persistent Critical Breach
ours_stage2_fair_critical_safe_v2_1_4obj,7,stage2_ext_006_obj_1,critical_safe_balanced_selected,episode_017,5,5024,-350.3999949991703,-103.76000004634261,-23.730000346899033,-0.8295643422752619,False,True,False,5,38,True,True,62,60,4,7,2,2,False,Tier 3 Persistent Critical Breach
ours_stage2_fair_critical_safe_v2_1_4obj,7,stage2_ext_006_obj_1,critical_safe_balanced_selected,episode_017,6,6024,-390.75000098347664,-68.40500019490719,-22.580000326037407,-0.6142772156745195,False,True,False,5,86,True,True,14,12,4,7,2,1,False,Tier 3 Persistent Critical Breach
ours_stage2_fair_critical_safe_v2_1_4obj,7,stage2_ext_006_obj_1,critical_safe_balanced_selected,episode_017,7,7024,-1362.2000011503696,-138.37250028550625,-23.310000330209732,-0.9461782285943627,True,True,False,5,12,True,True,88,86,5,9,4,1,False,Tier 3 Persistent Critical Breach
ours_stage2_fair_critical_safe_v2_1_4obj,7,stage2_ext_006_obj_1,critical_safe_balanced_selected,episode_018,0,25,-1047.9999937415123,-119.55750010535121,-22.78000032901764,-0.8205940639600158,False,True,False,5,40,True,True,60,58,4,7,2,2,False,Tier 3 Persistent Critical Breach
ours_stage2_fair_critical_safe_v2_1_4obj,7,stage2_ext_006_obj_1,critical_safe_balanced_selected,episode_018,1,1025,-408.3499831557274,-80.53750006482005,-23.180000334978104,0.0,False,True,False,5,,False,False,0,0,4,6,1,,False,Tier 1 Near-Miss
ours_stage2_fair_critical_safe_v2_1_4obj,7,stage2_ext_006_obj_1,critical_safe_balanced_selected,episode_018,2,2025,-1082.7999948859215,-117.5750009380281,-22.920000333338976,-0.8385346503928304,False,True,False,5,36,True,True,64,62,4,6,1,1,False,Tier 3 Persistent Critical Breach
ours_stage2_fair_critical_safe_v2_1_4obj,7,stage2_ext_006_obj_1,critical_safe_balanced_selected,episode_018,3,3025,-1136.0000042319298,-132.90999980270863,-21.380000308156013,-0.8385346503928304,True,False,False,5,36,True,True,64,62,5,8,3,1,False,Tier 3 Persistent Critical Breach
ours_stage2_fair_critical_safe_v2_1_4obj,7,stage2_ext_006_obj_1,critical_safe_balanced_selected,episode_018,4,4025,-1351.6500000059605,-135.72000041231513,-21.920000314712524,-0.9461782285943627,True,False,False,5,12,True,True,88,86,5,7,2,4,False,Tier 3 Persistent Critical Breach
ours_stage2_fair_critical_safe_v2_1_4obj,7,stage2_ext_006_obj_1,critical_safe_balanced_selected,episode_018,5,5025,-1217.450013577938,-120.3975003324449,-23.210000336170197,-0.9282376123592257,False,True,False,5,16,True,True,84,82,5,6,1,2,False,Tier 3 Persistent Critical Breach
ours_stage2_fair_critical_safe_v2_1_4obj,7,stage2_ext_006_obj_1,critical_safe_balanced_selected,episode_018,6,6025,-1115.1500095427036,-112.89750016853213,-23.540000334382057,-0.8923564394935966,False,True,False,5,24,True,True,76,74,5,6,1,1,False,Tier 3 Persistent Critical Breach
ours_stage2_fair_critical_safe_v2_1_4obj,7,stage2_ext_006_obj_1,critical_safe_balanced_selected,episode_018,7,7025,-1189.3000151216984,-111.51999984681606,-22.030000299215317,-0.9461782285943627,False,True,False,5,12,True,True,88,86,4,6,1,1,False,Tier 3 Persistent Critical Breach
ours_stage2_fair_critical_safe_v2_1_4obj,7,stage2_ext_006_obj_1,critical_safe_balanced_selected,episode_019,0,26,-1334.350000321865,-132.6550004258752,-22.430000312626362,-0.9461782285943627,True,True,False,5,12,True,True,88,86,4,6,1,3,False,Tier 3 Persistent Critical Breach
ours_stage2_fair_critical_safe_v2_1_4obj,7,stage2_ext_006_obj_1,critical_safe_balanced_selected,episode_019,1,1026,-1319.4000019431114,-136.98000018298626,-22.10000030696392,-0.9282376123592257,True,True,False,5,16,True,True,84,82,5,7,2,1,False,Tier 3 Persistent Critical Breach
ours_stage2_fair_critical_safe_v2_1_4obj,7,stage2_ext_006_obj_1,critical_safe_balanced_selected,episode_019,2,2026,-1190.0500149130821,-118.50499953329563,-21.280000299215317,-0.9282376123592257,False,False,True,5,16,True,True,84,82,5,6,1,1,False,Tier 3 Persistent Critical Breach
ours_stage2_fair_critical_safe_v2_1_4obj,7,stage2_ext_006_obj_1,critical_safe_balanced_selected,episode_019,3,3026,-847.3999966979027,-103.0675002001226,-22.380000323057175,-0.7578019667416811,False,True,False,5,54,True,True,46,44,5,6,1,1,False,Tier 3 Persistent Critical Breach
ours_stage2_fair_critical_safe_v2_1_4obj,7,stage2_ext_006_obj_1,critical_safe_balanced_selected,episode_019,4,4026,-724.4499978423119,-93.31750025600195,-22.840000331401825,-0.7219207938760519,False,True,False,5,62,True,True,38,36,4,6,1,1,False,Tier 3 Persistent Critical Breach
ours_stage2_fair_critical_safe_v2_1_4obj,7,stage2_ext_006_obj_1,critical_safe_balanced_selected,episode_019,5,5026,-1347.249998986721,-135.84000008925796,-22.960000321269035,-0.9461782285943627,True,True,False,5,12,True,True,88,86,4,9,4,4,False,Tier 3 Persistent Critical Breach
ours_stage2_fair_critical_safe_v2_1_4obj,7,stage2_ext_006_obj_1,critical_safe_balanced_selected,episode_019,6,6026,-797.2999929487705,-105.4875000230968,-23.130000337958336,-0.7219207938760519,False,True,False,5,62,True,True,38,36,5,6,1,1,False,Tier 3 Persistent Critical Breach
ours_stage2_fair_critical_safe_v2_1_4obj,7,stage2_ext_006_obj_1,critical_safe_balanced_selected,episode_019,7,7026,-402.3499954342842,-98.5899995714426,-22.560000330209732,-1.208673241082579,False,True,False,5,16,True,True,42,39,5,6,1,1,False,Tier 3 Persistent Critical Breach
